StartDate,EndDate,Status,IPAddress,Progress,Duration (in seconds),Finished,RecordedDate,ResponseId,RecipientLastName,RecipientFirstName,RecipientEmail,ExternalReference,LocationLatitude,LocationLongitude,DistributionChannel,UserLanguage,Q2,Q3,Q4,Q5,Q6_11,Q6_12,Q6_13,Q6_14,Q6_15,Q6_16,Q6_17,Q6_DO_11,Q6_DO_12,Q6_DO_13,Q6_DO_14,Q6_DO_15,Q6_DO_16,Q6_DO_17,Q7_First Click,Q7_Last Click,Q7_Page Submit,Q7_Click Count,Q8_4,Q8_7,Q8_5,Q8_6,Q8_8,Q8_9,Q8_DO_4,Q8_DO_7,Q8_DO_5,Q8_DO_6,Q8_DO_8,Q8_DO_9,Q9_First Click,Q9_Last Click,Q9_Page Submit,Q9_Click Count,Q14,Q15_First Click,Q15_Last Click,Q15_Page Submit,Q15_Click Count,Q10_5,Q10_4,Q10_6,Q10_7,Q10_12,Q10_DO_5,Q10_DO_4,Q10_DO_6,Q10_DO_7,Q10_DO_12,Q11_First Click,Q11_Last Click,Q11_Page Submit,Q11_Click Count,Q12_4,Q12_11,Q12_12,Q12_7,Q12_9,Q12_17,Q12_DO_4,Q12_DO_11,Q12_DO_12,Q12_DO_7,Q12_DO_9,Q12_DO_17,Q13_First Click,Q13_Last Click,Q13_Page Submit,Q13_Click Count,Q16_4,Q16_5,Q16_6,Q16_7,Q16_8,Q16_9,Q16_DO_4,Q16_DO_5,Q16_DO_6,Q16_DO_7,Q16_DO_8,Q16_DO_9,Q17_First Click,Q17_Last Click,Q17_Page Submit,Q17_Click Count,Q18_4,Q18_5,Q18_6,Q18_7,Q18_8,Q18_9,Q18_DO_4,Q18_DO_5,Q18_DO_6,Q18_DO_7,Q18_DO_8,Q18_DO_9,Q19_First Click,Q19_Last Click,Q19_Page Submit,Q19_Click Count,survey_code,FL_76_DO_qubits_1_3disj,FL_76_DO_qubits_1_4,FL_76_DO_qubits_2_3,FL_76_DO_qubits_2_4disj
Start Date,End Date,Response Type,IP Address,Progress,Duration (in seconds),Finished,Recorded Date,Response ID,Recipient Last Name,Recipient First Name,Recipient Email,External Data Reference,Location Latitude,Location Longitude,Distribution Channel,User Language,"I am age 18 or older, I have read and understood the information above, I want to participate in this research and continue with the survey:",To which gender identity do you most identify?,What is your age?,"What is the highest degree or level of school you have completed? (If 
youâ€™re currently enrolled in school, please indicate the highest degree 
you have received.)","Emma is outgoing and lives in an apartment within the center of the city with her two cats. She takes yoga classes at the gym three times a week, enjoys reading science-fiction books and volunteers in an animal shelter at least once a week.
 

Please rate the probability of each statement from 0 (not likely) to 100 (very likely). - Emma is a manager.","Emma is outgoing and lives in an apartment within the center of the city with her two cats. She takes yoga classes at the gym three times a week, enjoys reading science-fiction books and volunteers in an animal shelter at least once a week.
 

Please rate the probability of each statement from 0 (not likely) to 100 (very likely). - Emma is a pianist and a runner.","Emma is outgoing and lives in an apartment within the center of the city with her two cats. She takes yoga classes at the gym three times a week, enjoys reading science-fiction books and volunteers in an animal shelter at least once a week.
 

Please rate the probability of each statement from 0 (not likely) to 100 (very likely). - Emma is a blogger.","Emma is outgoing and lives in an apartment within the center of the city with her two cats. She takes yoga classes at the gym three times a week, enjoys reading science-fiction books and volunteers in an animal shelter at least once a week.
 

Please rate the probability of each statement from 0 (not likely) to 100 (very likely). - Emma likes to paint.","Emma is outgoing and lives in an apartment within the center of the city with her two cats. She takes yoga classes at the gym three times a week, enjoys reading science-fiction books and volunteers in an animal shelter at least once a week.
 

Please rate the probability of each statement from 0 (not likely) to 100 (very likely). - Emma is vegan.","Emma is outgoing and lives in an apartment within the center of the city with her two cats. She takes yoga classes at the gym three times a week, enjoys reading science-fiction books and volunteers in an animal shelter at least once a week.
 

Please rate the probability of each statement from 0 (not likely) to 100 (very likely). - Emma likes to exercise.","Emma is outgoing and lives in an apartment within the center of the city with her two cats. She takes yoga classes at the gym three times a week, enjoys reading science-fiction books and volunteers in an animal shelter at least once a week.
 

Please rate the probability of each statement from 0 (not likely) to 100 (very likely). - Emma is a manager and Emma likes to exercise.","Emma is outgoing and lives in an apartment within the center of the city with her two cats. She takes yoga classes at the gym three times a week, enjoys reading science-fiction books and volunteers in an animal shelter at least once a week.
 

Please rate the probability of each statement from 0 (not likely) to 100 (very likely). - Display Order - Emma is a manager.<br />
&nbsp;","Emma is outgoing and lives in an apartment within the center of the city with her two cats. She takes yoga classes at the gym three times a week, enjoys reading science-fiction books and volunteers in an animal shelter at least once a week.
 

Please rate the probability of each statement from 0 (not likely) to 100 (very likely). - Display Order - Emma is a pianist and a runner.<br />
&nbsp;","Emma is outgoing and lives in an apartment within the center of the city with her two cats. She takes yoga classes at the gym three times a week, enjoys reading science-fiction books and volunteers in an animal shelter at least once a week.
 

Please rate the probability of each statement from 0 (not likely) to 100 (very likely). - Display Order - Emma is a blogger.<br />
&nbsp;","Emma is outgoing and lives in an apartment within the center of the city with her two cats. She takes yoga classes at the gym three times a week, enjoys reading science-fiction books and volunteers in an animal shelter at least once a week.
 

Please rate the probability of each statement from 0 (not likely) to 100 (very likely). - Display Order - Emma likes to paint.<br />
&nbsp;","Emma is outgoing and lives in an apartment within the center of the city with her two cats. She takes yoga classes at the gym three times a week, enjoys reading science-fiction books and volunteers in an animal shelter at least once a week.
 

Please rate the probability of each statement from 0 (not likely) to 100 (very likely). - Display Order - Emma is vegan.<br />
&nbsp;","Emma is outgoing and lives in an apartment within the center of the city with her two cats. She takes yoga classes at the gym three times a week, enjoys reading science-fiction books and volunteers in an animal shelter at least once a week.
 

Please rate the probability of each statement from 0 (not likely) to 100 (very likely). - Display Order - Emma likes to exercise.<br />
&nbsp;","Emma is outgoing and lives in an apartment within the center of the city with her two cats. She takes yoga classes at the gym three times a week, enjoys reading science-fiction books and volunteers in an animal shelter at least once a week.
 

Please rate the probability of each statement from 0 (not likely) to 100 (very likely). - Display Order - Emma is a manager and Emma likes to exercise.<br />
&nbsp;",Timing - First Click,Timing - Last Click,Timing - Page Submit,Timing - Click Count,"Liz lives in Oakland in a Victorian house. She is an analytical thinker and works in a start-up. In addition, she tries to go to a few classes at the gym every week. She is very ambitious in her job. She enjoys cooking very much and she is very good at it. She also likes camping.

 

Please rate the probability of each statement from 0 (not likely) to 100 (very likely). - Liz is a programmer.","Liz lives in Oakland in a Victorian house. She is an analytical thinker and works in a start-up. In addition, she tries to go to a few classes at the gym every week. She is very ambitious in her job. She enjoys cooking very much and she is very good at it. She also likes camping.

 

Please rate the probability of each statement from 0 (not likely) to 100 (very likely). - Liz likes to hike.","Liz lives in Oakland in a Victorian house. She is an analytical thinker and works in a start-up. In addition, she tries to go to a few classes at the gym every week. She is very ambitious in her job. She enjoys cooking very much and she is very good at it. She also likes camping.

 

Please rate the probability of each statement from 0 (not likely) to 100 (very likely). - Liz likes to paint.","Liz lives in Oakland in a Victorian house. She is an analytical thinker and works in a start-up. In addition, she tries to go to a few classes at the gym every week. She is very ambitious in her job. She enjoys cooking very much and she is very good at it. She also likes camping.

 

Please rate the probability of each statement from 0 (not likely) to 100 (very likely). - Liz is a programmer and Liz likes to paint.","Liz lives in Oakland in a Victorian house. She is an analytical thinker and works in a start-up. In addition, she tries to go to a few classes at the gym every week. She is very ambitious in her job. She enjoys cooking very much and she is very good at it. She also likes camping.

 

Please rate the probability of each statement from 0 (not likely) to 100 (very likely). - Liz is a singer.","Liz lives in Oakland in a Victorian house. She is an analytical thinker and works in a start-up. In addition, she tries to go to a few classes at the gym every week. She is very ambitious in her job. She enjoys cooking very much and she is very good at it. She also likes camping.

 

Please rate the probability of each statement from 0 (not likely) to 100 (very likely). - Liz is an architect.","Liz lives in Oakland in a Victorian house. She is an analytical thinker and works in a start-up. In addition, she tries to go to a few classes at the gym every week. She is very ambitious in her job. She enjoys cooking very much and she is very good at it. She also likes camping.

 

Please rate the probability of each statement from 0 (not likely) to 100 (very likely). - Display Order - Liz is a programmer.<br />
&nbsp;","Liz lives in Oakland in a Victorian house. She is an analytical thinker and works in a start-up. In addition, she tries to go to a few classes at the gym every week. She is very ambitious in her job. She enjoys cooking very much and she is very good at it. She also likes camping.

 

Please rate the probability of each statement from 0 (not likely) to 100 (very likely). - Display Order - Liz likes to hike.<br />
&nbsp;","Liz lives in Oakland in a Victorian house. She is an analytical thinker and works in a start-up. In addition, she tries to go to a few classes at the gym every week. She is very ambitious in her job. She enjoys cooking very much and she is very good at it. She also likes camping.

 

Please rate the probability of each statement from 0 (not likely) to 100 (very likely). - Display Order - Liz likes to paint.<br />
&nbsp;","Liz lives in Oakland in a Victorian house. She is an analytical thinker and works in a start-up. In addition, she tries to go to a few classes at the gym every week. She is very ambitious in her job. She enjoys cooking very much and she is very good at it. She also likes camping.

 

Please rate the probability of each statement from 0 (not likely) to 100 (very likely). - Display Order - Liz is a programmer and Liz likes to paint.<br />
&nbsp;","Liz lives in Oakland in a Victorian house. She is an analytical thinker and works in a start-up. In addition, she tries to go to a few classes at the gym every week. She is very ambitious in her job. She enjoys cooking very much and she is very good at it. She also likes camping.

 

Please rate the probability of each statement from 0 (not likely) to 100 (very likely). - Display Order - Liz is a singer.<br />
&nbsp;","Liz lives in Oakland in a Victorian house. She is an analytical thinker and works in a start-up. In addition, she tries to go to a few classes at the gym every week. She is very ambitious in her job. She enjoys cooking very much and she is very good at it. She also likes camping.

 

Please rate the probability of each statement from 0 (not likely) to 100 (very likely). - Display Order - Liz is an architect.<br />
&nbsp;",Timing - First Click,Timing - Last Click,Timing - Page Submit,Timing - Click Count,"Emma has another friend that lives close to her, Anna. Anna likes to go fishing and she invited Emma to come with her a few times. Choose the option: no. Anna says that she has the perfect spot to catch fish. Do you think Emma went with Anna to fish?",Timing - First Click,Timing - Last Click,Timing - Page Submit,Timing - Click Count,"Recently the Start-up Liz and Emma are working at was acquired by another company. The new CEO is doing a massive firing. Emma was fired and Liz wasn't fired.
 

Please rate the probability of each statement from 0 (not likely) to 100 (very likely). - Liz is a programmer.","Recently the Start-up Liz and Emma are working at was acquired by another company. The new CEO is doing a massive firing. Emma was fired and Liz wasn't fired.
 

Please rate the probability of each statement from 0 (not likely) to 100 (very likely). - Emma is a manager.","Recently the Start-up Liz and Emma are working at was acquired by another company. The new CEO is doing a massive firing. Emma was fired and Liz wasn't fired.
 

Please rate the probability of each statement from 0 (not likely) to 100 (very likely). - The new CEO appreciates Liz's work.","Recently the Start-up Liz and Emma are working at was acquired by another company. The new CEO is doing a massive firing. Emma was fired and Liz wasn't fired.
 

Please rate the probability of each statement from 0 (not likely) to 100 (very likely). - Emma, was one of the first workers of the start-up.","Recently the Start-up Liz and Emma are working at was acquired by another company. The new CEO is doing a massive firing. Emma was fired and Liz wasn't fired.
 

Please rate the probability of each statement from 0 (not likely) to 100 (very likely). - Emma is a manager or Liz is a programmer.","Recently the Start-up Liz and Emma are working at was acquired by another company. The new CEO is doing a massive firing. Emma was fired and Liz wasn't fired.
 

Please rate the probability of each statement from 0 (not likely) to 100 (very likely). - Display Order - Liz is a programmer.<br />
&nbsp;","Recently the Start-up Liz and Emma are working at was acquired by another company. The new CEO is doing a massive firing. Emma was fired and Liz wasn't fired.
 

Please rate the probability of each statement from 0 (not likely) to 100 (very likely). - Display Order - Emma is a manager.<br />
&nbsp;","Recently the Start-up Liz and Emma are working at was acquired by another company. The new CEO is doing a massive firing. Emma was fired and Liz wasn't fired.
 

Please rate the probability of each statement from 0 (not likely) to 100 (very likely). - Display Order - The new CEO appreciates Liz&#39;s work.<br />
&nbsp;","Recently the Start-up Liz and Emma are working at was acquired by another company. The new CEO is doing a massive firing. Emma was fired and Liz wasn't fired.
 

Please rate the probability of each statement from 0 (not likely) to 100 (very likely). - Display Order - Emma, was one of the first workers of the start-up.<br />
&nbsp;","Recently the Start-up Liz and Emma are working at was acquired by another company. The new CEO is doing a massive firing. Emma was fired and Liz wasn't fired.
 

Please rate the probability of each statement from 0 (not likely) to 100 (very likely). - Display Order - Emma is a manager or Liz is a programmer.<br />
&nbsp;",Timing - First Click,Timing - Last Click,Timing - Page Submit,Timing - Click Count,"Emma and Liz went to the same high school together but they didn't know each other very well because they were not in the same class. After high school, each of them went to different college and majored in different areas. After college, they stumbled upon each other when they both moved to San-Francisco and were looking for roommates.

 

Please rate the probability of each statement from 0 (not likely) to 100 (very likely). - Liz likes to paint.","Emma and Liz went to the same high school together but they didn't know each other very well because they were not in the same class. After high school, each of them went to different college and majored in different areas. After college, they stumbled upon each other when they both moved to San-Francisco and were looking for roommates.

 

Please rate the probability of each statement from 0 (not likely) to 100 (very likely). - Liz likes San-Francisco.","Emma and Liz went to the same high school together but they didn't know each other very well because they were not in the same class. After high school, each of them went to different college and majored in different areas. After college, they stumbled upon each other when they both moved to San-Francisco and were looking for roommates.

 

Please rate the probability of each statement from 0 (not likely) to 100 (very likely). - They are taking yoga classes together.","Emma and Liz went to the same high school together but they didn't know each other very well because they were not in the same class. After high school, each of them went to different college and majored in different areas. After college, they stumbled upon each other when they both moved to San-Francisco and were looking for roommates.

 

Please rate the probability of each statement from 0 (not likely) to 100 (very likely). - Emma is a manager.","Emma and Liz went to the same high school together but they didn't know each other very well because they were not in the same class. After high school, each of them went to different college and majored in different areas. After college, they stumbled upon each other when they both moved to San-Francisco and were looking for roommates.

 

Please rate the probability of each statement from 0 (not likely) to 100 (very likely). - Emma likes San-Francisco.","Emma and Liz went to the same high school together but they didn't know each other very well because they were not in the same class. After high school, each of them went to different college and majored in different areas. After college, they stumbled upon each other when they both moved to San-Francisco and were looking for roommates.

 

Please rate the probability of each statement from 0 (not likely) to 100 (very likely). - Emma is a manager and Liz likes to paint.","Emma and Liz went to the same high school together but they didn't know each other very well because they were not in the same class. After high school, each of them went to different college and majored in different areas. After college, they stumbled upon each other when they both moved to San-Francisco and were looking for roommates.

 

Please rate the probability of each statement from 0 (not likely) to 100 (very likely). - Display Order - Liz likes to paint.<br />
&nbsp;","Emma and Liz went to the same high school together but they didn't know each other very well because they were not in the same class. After high school, each of them went to different college and majored in different areas. After college, they stumbled upon each other when they both moved to San-Francisco and were looking for roommates.

 

Please rate the probability of each statement from 0 (not likely) to 100 (very likely). - Display Order - Liz likes San-Francisco.<br />
&nbsp;","Emma and Liz went to the same high school together but they didn't know each other very well because they were not in the same class. After high school, each of them went to different college and majored in different areas. After college, they stumbled upon each other when they both moved to San-Francisco and were looking for roommates.

 

Please rate the probability of each statement from 0 (not likely) to 100 (very likely). - Display Order - They are taking yoga classes together.<br />
&nbsp;","Emma and Liz went to the same high school together but they didn't know each other very well because they were not in the same class. After high school, each of them went to different college and majored in different areas. After college, they stumbled upon each other when they both moved to San-Francisco and were looking for roommates.

 

Please rate the probability of each statement from 0 (not likely) to 100 (very likely). - Display Order - Emma is a manager.<br />
&nbsp;","Emma and Liz went to the same high school together but they didn't know each other very well because they were not in the same class. After high school, each of them went to different college and majored in different areas. After college, they stumbled upon each other when they both moved to San-Francisco and were looking for roommates.

 

Please rate the probability of each statement from 0 (not likely) to 100 (very likely). - Display Order - Emma likes San-Francisco.<br />
&nbsp;","Emma and Liz went to the same high school together but they didn't know each other very well because they were not in the same class. After high school, each of them went to different college and majored in different areas. After college, they stumbled upon each other when they both moved to San-Francisco and were looking for roommates.

 

Please rate the probability of each statement from 0 (not likely) to 100 (very likely). - Display Order - Emma is a manager and Liz likes to paint.<br />
&nbsp;",Timing - First Click,Timing - Last Click,Timing - Page Submit,Timing - Click Count,"Liz and Emma have been working together for a long time and they decided that they want to open a business together. They believe that if they will combine their skills together they could build a new fitness app oriented for busy people.


 


Please rate the probability of each statement from 0 (not likely) to 100 (very likely). - Liz is a programmer.","Liz and Emma have been working together for a long time and they decided that they want to open a business together. They believe that if they will combine their skills together they could build a new fitness app oriented for busy people.


 


Please rate the probability of each statement from 0 (not likely) to 100 (very likely). - Emma likes to bake.","Liz and Emma have been working together for a long time and they decided that they want to open a business together. They believe that if they will combine their skills together they could build a new fitness app oriented for busy people.


 


Please rate the probability of each statement from 0 (not likely) to 100 (very likely). - Emma likes to exercise.","Liz and Emma have been working together for a long time and they decided that they want to open a business together. They believe that if they will combine their skills together they could build a new fitness app oriented for busy people.


 


Please rate the probability of each statement from 0 (not likely) to 100 (very likely). - Liz owns the house she lives in.","Liz and Emma have been working together for a long time and they decided that they want to open a business together. They believe that if they will combine their skills together they could build a new fitness app oriented for busy people.


 


Please rate the probability of each statement from 0 (not likely) to 100 (very likely). - Emma likes to exercise and Liz is a programmer.","Liz and Emma have been working together for a long time and they decided that they want to open a business together. They believe that if they will combine their skills together they could build a new fitness app oriented for busy people.


 


Please rate the probability of each statement from 0 (not likely) to 100 (very likely). - Emma likes dogs.","Liz and Emma have been working together for a long time and they decided that they want to open a business together. They believe that if they will combine their skills together they could build a new fitness app oriented for busy people.


 


Please rate the probability of each statement from 0 (not likely) to 100 (very likely). - Display Order - Liz is a programmer.<br />
&nbsp;","Liz and Emma have been working together for a long time and they decided that they want to open a business together. They believe that if they will combine their skills together they could build a new fitness app oriented for busy people.


 


Please rate the probability of each statement from 0 (not likely) to 100 (very likely). - Display Order - Emma likes to bake.<br />
&nbsp;","Liz and Emma have been working together for a long time and they decided that they want to open a business together. They believe that if they will combine their skills together they could build a new fitness app oriented for busy people.


 


Please rate the probability of each statement from 0 (not likely) to 100 (very likely). - Display Order - Emma likes to exercise.<br />
&nbsp;","Liz and Emma have been working together for a long time and they decided that they want to open a business together. They believe that if they will combine their skills together they could build a new fitness app oriented for busy people.


 


Please rate the probability of each statement from 0 (not likely) to 100 (very likely). - Display Order - Liz owns the house she lives in.<br />
&nbsp;","Liz and Emma have been working together for a long time and they decided that they want to open a business together. They believe that if they will combine their skills together they could build a new fitness app oriented for busy people.


 


Please rate the probability of each statement from 0 (not likely) to 100 (very likely). - Display Order - Emma likes to exercise and Liz is a programmer.<br />
&nbsp;","Liz and Emma have been working together for a long time and they decided that they want to open a business together. They believe that if they will combine their skills together they could build a new fitness app oriented for busy people.


 


Please rate the probability of each statement from 0 (not likely) to 100 (very likely). - Display Order - Emma likes dogs.<br />
&nbsp;",Timing - First Click,Timing - Last Click,Timing - Page Submit,Timing - Click Count,"Emma and Liz decided to take Mandarin classes together, twice a week in San-Francisco.

 

Please rate the probability of each statement from 0 (not likely) to 100 (very likely). - Emma likes to exercise.","Emma and Liz decided to take Mandarin classes together, twice a week in San-Francisco.

 

Please rate the probability of each statement from 0 (not likely) to 100 (very likely). - Emma and Liz like Chinese restaurants.","Emma and Liz decided to take Mandarin classes together, twice a week in San-Francisco.

 

Please rate the probability of each statement from 0 (not likely) to 100 (very likely). - Liz likes to paint.","Emma and Liz decided to take Mandarin classes together, twice a week in San-Francisco.

 

Please rate the probability of each statement from 0 (not likely) to 100 (very likely). - Emma likes to sing.","Emma and Liz decided to take Mandarin classes together, twice a week in San-Francisco.

 

Please rate the probability of each statement from 0 (not likely) to 100 (very likely). - Liz likes photography.","Emma and Liz decided to take Mandarin classes together, twice a week in San-Francisco.

 

Please rate the probability of each statement from 0 (not likely) to 100 (very likely). - Emma likes to exercise or Liz likes to paint.","Emma and Liz decided to take Mandarin classes together, twice a week in San-Francisco.

 

Please rate the probability of each statement from 0 (not likely) to 100 (very likely). - Display Order - Emma likes to exercise.<br />
&nbsp;","Emma and Liz decided to take Mandarin classes together, twice a week in San-Francisco.

 

Please rate the probability of each statement from 0 (not likely) to 100 (very likely). - Display Order - Emma and Liz like Chinese restaurants.<br />
&nbsp;","Emma and Liz decided to take Mandarin classes together, twice a week in San-Francisco.

 

Please rate the probability of each statement from 0 (not likely) to 100 (very likely). - Display Order - Liz likes to paint.<br />
&nbsp;","Emma and Liz decided to take Mandarin classes together, twice a week in San-Francisco.

 

Please rate the probability of each statement from 0 (not likely) to 100 (very likely). - Display Order - Emma likes to sing.<br />
&nbsp;","Emma and Liz decided to take Mandarin classes together, twice a week in San-Francisco.

 

Please rate the probability of each statement from 0 (not likely) to 100 (very likely). - Display Order - Liz likes photography.<br />
&nbsp;","Emma and Liz decided to take Mandarin classes together, twice a week in San-Francisco.

 

Please rate the probability of each statement from 0 (not likely) to 100 (very likely). - Display Order - Emma likes to exercise or Liz likes to paint.<br />
&nbsp;",Timing - First Click,Timing - Last Click,Timing - Page Submit,Timing - Click Count,survey_code,FL_76 - Block Randomizer - Display Order - qubits_1_3disj,FL_76 - Block Randomizer - Display Order - qubits_1_4,FL_76 - Block Randomizer - Display Order - qubits_2_3,FL_76 - Block Randomizer - Display Order - qubits_2_4disj
"{""ImportId"":""startDate"",""timeZone"":""America/Denver""}","{""ImportId"":""endDate"",""timeZone"":""America/Denver""}","{""ImportId"":""status""}","{""ImportId"":""ipAddress""}","{""ImportId"":""progress""}","{""ImportId"":""duration""}","{""ImportId"":""finished""}","{""ImportId"":""recordedDate"",""timeZone"":""America/Denver""}","{""ImportId"":""_recordId""}","{""ImportId"":""recipientLastName""}","{""ImportId"":""recipientFirstName""}","{""ImportId"":""recipientEmail""}","{""ImportId"":""externalDataReference""}","{""ImportId"":""locationLatitude""}","{""ImportId"":""locationLongitude""}","{""ImportId"":""distributionChannel""}","{""ImportId"":""userLanguage""}","{""ImportId"":""QID59""}","{""ImportId"":""QID87""}","{""ImportId"":""QID88_TEXT""}","{""ImportId"":""QID89""}","{""ImportId"":""QID24_11""}","{""ImportId"":""QID24_12""}","{""ImportId"":""QID24_13""}","{""ImportId"":""QID24_14""}","{""ImportId"":""QID24_15""}","{""ImportId"":""QID24_16""}","{""ImportId"":""QID24_17""}","{""ImportId"":""QID24_DO"",""choiceId"":""11""}","{""ImportId"":""QID24_DO"",""choiceId"":""12""}","{""ImportId"":""QID24_DO"",""choiceId"":""13""}","{""ImportId"":""QID24_DO"",""choiceId"":""14""}","{""ImportId"":""QID24_DO"",""choiceId"":""15""}","{""ImportId"":""QID24_DO"",""choiceId"":""16""}","{""ImportId"":""QID24_DO"",""choiceId"":""17""}","{""ImportId"":""QID30_FIRST_CLICK""}","{""ImportId"":""QID30_LAST_CLICK""}","{""ImportId"":""QID30_PAGE_SUBMIT""}","{""ImportId"":""QID30_CLICK_COUNT""}","{""ImportId"":""QID25_4""}","{""ImportId"":""QID25_7""}","{""ImportId"":""QID25_5""}","{""ImportId"":""QID25_6""}","{""ImportId"":""QID25_8""}","{""ImportId"":""QID25_9""}","{""ImportId"":""QID25_DO"",""choiceId"":""4""}","{""ImportId"":""QID25_DO"",""choiceId"":""7""}","{""ImportId"":""QID25_DO"",""choiceId"":""5""}","{""ImportId"":""QID25_DO"",""choiceId"":""6""}","{""ImportId"":""QID25_DO"",""choiceId"":""8""}","{""ImportId"":""QID25_DO"",""choiceId"":""9""}","{""ImportId"":""QID26_FIRST_CLICK""}","{""ImportId"":""QID26_LAST_CLICK""}","{""ImportId"":""QID26_PAGE_SUBMIT""}","{""ImportId"":""QID26_CLICK_COUNT""}","{""ImportId"":""QID32""}","{""ImportId"":""QID36_FIRST_CLICK""}","{""ImportId"":""QID36_LAST_CLICK""}","{""ImportId"":""QID36_PAGE_SUBMIT""}","{""ImportId"":""QID36_CLICK_COUNT""}","{""ImportId"":""QID66_5""}","{""ImportId"":""QID66_4""}","{""ImportId"":""QID66_6""}","{""ImportId"":""QID66_7""}","{""ImportId"":""QID66_12""}","{""ImportId"":""QID66_DO"",""choiceId"":""5""}","{""ImportId"":""QID66_DO"",""choiceId"":""4""}","{""ImportId"":""QID66_DO"",""choiceId"":""6""}","{""ImportId"":""QID66_DO"",""choiceId"":""7""}","{""ImportId"":""QID66_DO"",""choiceId"":""12""}","{""ImportId"":""QID67_FIRST_CLICK""}","{""ImportId"":""QID67_LAST_CLICK""}","{""ImportId"":""QID67_PAGE_SUBMIT""}","{""ImportId"":""QID67_CLICK_COUNT""}","{""ImportId"":""QID72_4""}","{""ImportId"":""QID72_11""}","{""ImportId"":""QID72_12""}","{""ImportId"":""QID72_7""}","{""ImportId"":""QID72_9""}","{""ImportId"":""QID72_17""}","{""ImportId"":""QID72_DO"",""choiceId"":""4""}","{""ImportId"":""QID72_DO"",""choiceId"":""11""}","{""ImportId"":""QID72_DO"",""choiceId"":""12""}","{""ImportId"":""QID72_DO"",""choiceId"":""7""}","{""ImportId"":""QID72_DO"",""choiceId"":""9""}","{""ImportId"":""QID72_DO"",""choiceId"":""17""}","{""ImportId"":""QID73_FIRST_CLICK""}","{""ImportId"":""QID73_LAST_CLICK""}","{""ImportId"":""QID73_PAGE_SUBMIT""}","{""ImportId"":""QID73_CLICK_COUNT""}","{""ImportId"":""QID39_4""}","{""ImportId"":""QID39_5""}","{""ImportId"":""QID39_6""}","{""ImportId"":""QID39_7""}","{""ImportId"":""QID39_8""}","{""ImportId"":""QID39_9""}","{""ImportId"":""QID39_DO"",""choiceId"":""4""}","{""ImportId"":""QID39_DO"",""choiceId"":""5""}","{""ImportId"":""QID39_DO"",""choiceId"":""6""}","{""ImportId"":""QID39_DO"",""choiceId"":""7""}","{""ImportId"":""QID39_DO"",""choiceId"":""8""}","{""ImportId"":""QID39_DO"",""choiceId"":""9""}","{""ImportId"":""QID40_FIRST_CLICK""}","{""ImportId"":""QID40_LAST_CLICK""}","{""ImportId"":""QID40_PAGE_SUBMIT""}","{""ImportId"":""QID40_CLICK_COUNT""}","{""ImportId"":""QID34_4""}","{""ImportId"":""QID34_5""}","{""ImportId"":""QID34_6""}","{""ImportId"":""QID34_7""}","{""ImportId"":""QID34_8""}","{""ImportId"":""QID34_9""}","{""ImportId"":""QID34_DO"",""choiceId"":""4""}","{""ImportId"":""QID34_DO"",""choiceId"":""5""}","{""ImportId"":""QID34_DO"",""choiceId"":""6""}","{""ImportId"":""QID34_DO"",""choiceId"":""7""}","{""ImportId"":""QID34_DO"",""choiceId"":""8""}","{""ImportId"":""QID34_DO"",""choiceId"":""9""}","{""ImportId"":""QID38_FIRST_CLICK""}","{""ImportId"":""QID38_LAST_CLICK""}","{""ImportId"":""QID38_PAGE_SUBMIT""}","{""ImportId"":""QID38_CLICK_COUNT""}","{""ImportId"":""survey_code""}","{""ImportId"":""FL_76_DO"",""choiceId"":""qubits_1_3disj""}","{""ImportId"":""FL_76_DO"",""choiceId"":""qubits_1_4""}","{""ImportId"":""FL_76_DO"",""choiceId"":""qubits_2_3""}","{""ImportId"":""FL_76_DO"",""choiceId"":""qubits_2_4disj""}"
2019-04-22 06:49:10,2019-04-22 06:50:51,0,47.200.0.83,100,101,1,2019-04-22 06:50:51,R_3oQOCsA78pmvcFY,,,,,28.1147003173828125,-82.3677978515625,anonymous,EN,1,2,26,2,3,3,1,44,5,11,23,6,1,3,5,4,7,2,0.451,15.083,15.395,32,33,34,9,6,18,6,1,2,3,4,5,6,0.457,15.385,16.193,29,5,3.415,4.783,5.087,2,1,15,28,14,13,4,3,1,2,5,0.646,10.182,10.478,12,20,4,18,5,12,23,4,3,1,6,5,2,0.47,10.318,10.99,17,32,1,3,4,10,54,1,4,3,6,5,2,0.412,13.94,14.204,20,19,56,6,8,2,23,1,2,6,3,5,4,0.52,11.296,11.576,18,70590828,4,3,2,1
2019-04-22 06:49:09,2019-04-22 06:52:02,0,73.139.146.195,100,172,1,2019-04-22 06:52:02,R_3QK9PLxYxw6BAp4,,,,,25.9971923828125,-80.325897216796875,anonymous,EN,1,2,29,4,0,0,35,0,40,100,30,2,1,6,4,7,3,5,0,0,32.155,0,0,70,10,5,0,40,1,2,3,4,5,6,0.95,1.229,29.136,2,5,8.115,8.115,8.784,1,10,10,90,20,20,1,2,3,4,5,1.11,1.11,24.959,1,20,50,60,20,50,20,2,1,4,5,6,3,0,0,23.139,0,60,10,90,70,75,40,6,2,1,5,4,3,0,0,25.43,0,80,75,10,0,10,30,6,2,3,5,1,4,0,0,13.901,0,77981451,1,4,2,3
2019-04-22 06:49:13,2019-04-22 06:52:46,0,97.92.21.184,100,212,1,2019-04-22 06:52:46,R_3EtW9AtwAXL5SDu,,,,,44.6627960205078125,-93.153900146484375,anonymous,EN,1,1,33,4,25,15,25,15,20,80,50,7,4,2,3,1,5,6,10.366,10.366,33,1,25,65,10,20,5,5,1,2,3,4,5,6,8.087,8.087,26.952,1,5,6.896,6.896,9.785,1,85,0,100,100,85,3,2,1,5,4,3.994,3.994,19.942,1,5,75,15,25,75,10,6,2,1,4,5,3,12.506,12.506,34.956,1,65,15,95,65,75,25,6,2,5,1,3,4,9.575,9.575,34.246,1,85,75,15,20,15,85,1,2,5,6,4,3,3.75,3.75,22.288,1,67016803,4,3,1,2
2019-04-22 06:49:02,2019-04-22 06:53:17,0,108.171.132.188,100,254,1,2019-04-22 06:53:17,R_1DupwtYvJT1Vbgw,,,,,32.7787017822265625,-96.8217010498046875,anonymous,EN,1,2,41,5,40,40,60,50,60,100,20,1,4,3,6,2,5,7,17.702,54.986,56.961,10,80,70,20,10,05,01,1,2,3,4,5,6,20.225,34.457,37.294,6,5,8.923,8.923,10.38,1,30,10,60,20,90,5,4,3,1,2,11.881,29.569,34.544,5,20,70,30,15,70,10,4,2,5,1,6,3,8.841,22.361,25.238,7,15,20,40,25,15,40,4,3,2,5,6,1,7.536,34.798,36.91,8,50,95,10,50,60,20,3,5,1,2,4,6,5.78,28.107,30.209,7,50289972,2,4,3,1
2019-04-22 06:49:26,2019-04-22 06:53:18,0,73.48.80.170,100,231,1,2019-04-22 06:53:18,R_2314RRnw1ouojwx,,,,,30.4907989501953125,-84.31580352783203125,anonymous,EN,1,2,36,5,25,5,15,20,10,20,5,2,3,7,6,5,1,4,17.118,17.118,51.169,1,10,15,10,5,10,10,1,2,3,4,5,6,1.507,3.939,29.678,2,5,5.808,5.808,7.886,1,15,15,50,20,30,1,2,3,4,5,5.841,34.673,36.323,2,10,40,5,15,40,5,3,2,4,1,6,5,11.644,11.644,33.065,1,15,15,15,20,5,25,4,2,6,3,1,5,0,0,20.734,0,15,5,15,15,15,5,1,6,5,4,2,3,2.041,2.041,16.582,1,53846526,2,1,4,3
2019-04-22 06:49:17,2019-04-22 06:53:35,0,73.85.107.214,100,258,1,2019-04-22 06:53:36,R_W1fG5gtgOEfIFrz,,,,,25.666595458984375,-80.40360260009765625,anonymous,EN,1,2,27,5,25,0,15,10,0,100,40,2,4,1,6,5,7,3,10.6,61.866,62.646,56,15,30,5,5,0,20,1,2,3,4,5,6,11.149,42.278,43.293,36,6,13.945,13.945,14.863,1,10,10,40,20,10,2,4,1,5,3,11.695,30.531,31.157,20,30,30,32,0,35,0,3,2,6,1,5,4,6.627,39.618,40.395,15,37,10,48,30,65,11,6,2,5,1,3,4,6.305,27.501,28.229,9,40,20,5,20,5,10,4,1,6,2,5,3,2.971,18.692,19.316,17,50238503,1,3,4,2
2019-04-22 06:49:14,2019-04-22 06:53:41,0,76.16.127.27,100,266,1,2019-04-22 06:53:41,R_pAVillstpMziFKV,,,,,41.848602294921875,-87.6287994384765625,anonymous,EN,1,2,31,6,50,40,45,55,75,85,65,7,3,4,2,6,5,1,11.833,33.095,36.866,7,35,55,20,20,10,30,1,2,3,4,5,6,41.037,59.62,61.781,7,5,6.685,6.685,8.501,1,60,80,5,75,85,5,1,2,3,4,28.463,41.265,44.348,5,60,80,10,2,80,2,5,2,3,4,1,6,11.537,26.385,28.753,7,75,45,85,65,70,80,5,3,2,1,6,4,11.805,27.997,31.696,6,40,85,60,60,55,65,6,4,1,5,2,3,1.733,23.581,26.749,6,39486122,2,4,3,1
2019-04-22 06:49:07,2019-04-22 06:53:58,0,99.56.221.155,100,290,1,2019-04-22 06:53:59,R_1Ngn1qXa3bFi6sZ,,,,,26.2729034423828125,-80.26000213623046875,anonymous,EN,1,2,25,5,34,10,30,10,20,95,50,6,1,4,7,5,2,3,6.162,16.209,46.908,25,60,90,10,30,20,20,1,2,3,4,5,6,6.392,58.118,58.77,7,5,0.648,9.99,10.771,4,20,30,90,45,30,1,5,2,4,3,27.424,84.446,84.762,7,20,20,35,20,50,20,1,3,2,5,6,4,0.627,33.455,33.707,4,50,20,100,50,50,50,4,2,1,5,6,3,0.503,7.703,17.972,23,10,90,10,10,10,15,5,2,3,1,4,6,0.97,15.229,17.565,11,13949287,2,3,4,1
2019-04-22 06:49:14,2019-04-22 06:54:00,0,108.89.64.47,100,286,1,2019-04-22 06:54:00,R_Uc4tka0JhaZdIIx,,,,,30.3074951171875,-97.7270965576171875,anonymous,EN,1,2,28,6,40,30,50,40,40,70,30,4,2,5,3,7,6,1,15.036,53.193,56.367,7,50,60,30,20,20,50,1,2,3,4,5,6,6.609,33.567,36.264,6,5,5.613,5.613,7.77,1,40,40,60,30,50,5,3,1,4,2,10.247,28.912,33.174,5,50,70,60,50,60,30,1,4,5,6,3,2,12.896,27.746,32.537,6,50,30,60,30,40,30,4,6,3,2,1,5,16.336,36.005,38.973,6,50,60,50,40,60,70,2,5,3,6,4,1,2.118,21.898,24.388,7,95405939,1,3,2,4
2019-04-22 06:49:25,2019-04-22 06:54:11,0,64.5.73.246,100,286,1,2019-04-22 06:54:11,R_3j7nYAJZIIgoPtx,,,,,41.8939971923828125,-94.68000030517578125,anonymous,EN,1,1,37,6,50,50,50,15,10,100,75,2,4,7,1,5,6,3,5.326,63.153,66.266,4,40,50,10,20,10,10,1,2,3,4,5,6,4.361,4.361,39.892,1,5,6.536,6.536,9.778,1,75,60,100,10,60,2,5,3,1,4,9.529,18.871,41.841,3,50,75,50,20,75,30,5,1,4,6,3,2,17.286,45.506,48.114,2,20,10,50,20,20,10,6,3,4,5,1,2,3.141,3.141,24.672,1,50,50,10,20,10,50,2,3,6,4,1,5,9.668,9.668,29.385,1,40307994,1,4,3,2
2019-04-22 06:50:20,2019-04-22 06:54:13,0,70.123.32.228,100,232,1,2019-04-22 06:54:13,R_3kiWXz6RZAplj5l,,,,,30.5059967041015625,-97.74720001220703125,anonymous,EN,1,2,27,5,4,0,15,16,4,60,0,5,3,1,7,6,2,4,33.427,47.008,52.293,9,50,50,50,50,50,50,1,2,3,4,5,6,54.479,59.721,60.518,6,6,6.587,6.587,7.324,1,50,50,30,30,50,4,1,2,5,3,1.402,7.328,8.486,5,50,40,40,30,20,40,6,3,4,2,1,5,3.372,8.799,12.271,7,40,30,30,50,40,30,4,1,3,6,2,5,2.478,7.775,8.97,6,48,38,15,16,15,38,5,4,1,3,2,6,17.685,59.959,60.988,7,49424800,1,4,2,3
2019-04-22 06:49:16,2019-04-22 06:54:32,0,174.102.237.129,100,315,1,2019-04-22 06:54:32,R_1MJQgpIgPHtDILV,,,,,42.5601043701171875,-87.87560272216796875,anonymous,EN,1,1,67,3,65,60,15,50,50,90,65,1,4,3,7,2,5,6,17.314,54.24,58.053,8,65,40,30,30,40,70,1,2,3,4,5,6,14.689,36.306,40.404,6,6,10.938,10.938,17.795,1,50,65,75,50,50,1,2,3,4,5,17.26,36.396,44.683,5,30,80,50,65,80,40,3,1,6,5,2,4,21.133,45.236,49.945,6,40,30,65,20,40,45,3,5,2,1,4,6,9.581,34.262,37.465,6,65,70,30,30,30,40,3,4,6,2,1,5,7.082,28.889,31.901,6,82345935,2,1,4,3
2019-04-22 06:49:36,2019-04-22 06:54:34,0,67.170.28.221,100,297,1,2019-04-22 06:54:34,R_27QLEA8H6vpFEkO,,,,,47.7344970703125,-117.44699859619140625,anonymous,EN,1,2,35,5,50,50,65,30,80,75,50,6,4,3,5,1,7,2,11.648,41.459,46.224,7,75,75,60,40,20,20,1,2,3,4,5,6,10.846,22.271,37.14,5,5,14.269,14.269,19.596,1,50,50,100,50,75,1,4,2,3,5,16.631,16.631,67.592,1,40,50,50,50,50,20,5,1,4,6,3,2,11.428,11.428,45.879,1,50,50,50,25,25,50,1,5,3,2,6,4,6.293,6.293,22.93,1,50,20,50,50,50,20,2,6,5,4,3,1,5.7,5.7,34.13,1,80508808,1,2,4,3
2019-04-22 06:49:08,2019-04-22 06:54:42,0,152.121.16.253,100,334,1,2019-04-22 06:54:43,R_3g1rTIIHD7PoEik,,,,,38.8932952880859375,-77.0146026611328125,anonymous,EN,1,2,29,3,80,10,10,10,10,100,80,6,1,4,7,5,2,3,19.343,48.401,54.199,7,10,80,10,5,10,5,1,2,3,4,5,6,1.058,42.329,49.681,8,5,9.788,9.788,11.364,1,30,30,80,10,10,3,4,5,1,2,3.452,20.98,27.37,5,10,80,5,20,80,5,3,5,2,1,6,4,14.815,46.296,48.399,11,10,15,30,50,10,50,5,3,6,1,2,4,7.521,92.234,98.904,7,30,50,10,10,10,40,1,4,5,6,2,3,1.406,23.295,25.197,7,92053934,4,3,1,2
2019-04-22 06:49:21,2019-04-22 06:54:49,0,98.245.66.27,100,327,1,2019-04-22 06:54:49,R_1H7mmGRstFpgzaV,,,,,39.712799072265625,-105.09529876708984375,anonymous,EN,1,2,32,3,50,15,25,40,50,95,65,7,6,2,5,3,4,1,20.213,48.265,52.18,7,50,95,30,30,10,25,1,2,3,4,5,6,7.343,44.761,48.566,7,5,24.458,28.598,31.256,2,75,60,95,99,75,1,3,5,4,2,7.871,29.659,32.317,5,35,50,30,50,50,35,2,1,5,6,4,3,13.373,13.373,39.831,1,50,50,95,90,95,50,5,3,1,6,2,4,12.005,43.437,51.802,6,95,75,30,35,45,30,4,1,5,6,3,2,9.388,37.404,48.448,4,72064280,3,4,1,2
2019-04-22 06:49:48,2019-04-22 06:54:59,0,207.255.133.144,100,311,1,2019-04-22 06:55:00,R_3FLQMFVTbcaZSJS,,,,,39.5991973876953125,-78.84439849853515625,anonymous,EN,1,2,23,5,30,25,30,20,40,100,60,7,5,2,6,1,3,4,0,0,30.485,0,20,30,15,10,20,5,1,2,3,4,5,6,0,0,26.689,0,5,0,0,17.277,0,25,5,65,5,5,2,1,5,3,4,0,0,13.064,0,10,35,15,10,35,10,4,5,2,1,3,6,0,0,16.889,0,10,25,35,15,10,15,5,4,6,3,1,2,0,0,13.324,0,10,5,15,20,10,5,2,5,3,1,6,4,0.974,1.247,16.623,2,28319178,4,2,3,1
2019-04-22 06:51:11,2019-04-22 06:55:03,0,71.213.125.195,100,231,1,2019-04-22 06:55:04,R_205PNguUpVQcjkZ,,,,,40.2458953857421875,-83.36029815673828125,anonymous,EN,1,1,46,3,5,10,85,25,50,50,99,1,5,2,6,3,4,7,17.465,45.111,47.866,20,75,05,0,0,0,0,1,2,3,4,5,6,11.337,28.199,30.125,6,5,8.969,8.969,10.741,1,95,95,50,80,85,3,4,1,5,2,20.166,34.303,38.633,5,0,80,50,90,80,0,6,3,2,5,1,4,11.386,26.433,28.368,6,95,50,100,40,85,85,5,2,1,6,4,3,7.49,25.682,29.629,6,95,75,0,0,0,0,1,2,6,3,5,4,3.349,16.861,18.695,6,46807503,2,1,4,3
2019-04-22 06:49:07,2019-04-22 06:55:06,0,50.204.117.222,100,359,1,2019-04-22 06:55:07,R_x5crWo7hTlv8Ztn,,,,,40.5092926025390625,-88.98439788818359375,anonymous,EN,1,1,33,3,20,5,5,20,15,80,35,2,5,1,7,3,4,6,0,0,160.236,0,40,80,15,5,2,0,1,2,3,4,5,6,0,0,34.266,0,5,7.47,7.47,8.627,1,75,40,50,20,70,3,4,5,2,1,0,0,40.689,0,50,85,10,30,85,30,3,5,6,1,2,4,0,0,34.319,0,50,50,95,15,50,50,2,6,1,3,4,5,0,0,30.099,0,50,50,50,50,50,70,6,3,2,4,1,5,0,0,27.631,0,43835120,4,2,3,1
2019-04-22 06:49:25,2019-04-22 06:55:16,0,73.165.184.111,100,350,1,2019-04-22 06:55:16,R_1F2RaiRa3d9d3yT,,,,,40.236297607421875,-75.29599761962890625,anonymous,EN,1,1,70,3,50,20,20,0,60,80,50,5,3,4,7,1,2,6,19.024,62.079,69.112,8,20,70,0,0,0,0,1,2,3,4,5,6,18.187,45.834,50.986,6,5,8.149,8.149,12.878,1,80,50,80,80,50,2,5,1,4,3,12.069,39.102,43.744,6,0,80,50,50,80,50,2,4,6,5,1,3,12.169,37.937,40.268,6,65,0,80,50,65,50,6,2,1,4,3,5,7.612,44.402,50.538,6,0,70,0,0,50,0,2,3,5,1,4,6,11.712,29.759,31.263,6,22499374,3,4,2,1
2019-04-22 06:50:02,2019-04-22 06:55:18,0,107.172.140.18,100,316,1,2019-04-22 06:55:18,R_3EtW5DTdYqfwgUG,,,,,42.8863983154296875,-78.8780975341796875,anonymous,EN,1,1,25,5,90,70,70,80,90,90,90,3,7,4,1,2,6,5,2.536,62.642,99.388,5,90,70,80,90,60,80,1,2,3,4,5,6,1.831,1.831,44.783,1,6,39.695,39.695,41.98,1,70,70,60,60,70,1,4,3,2,5,1.339,1.339,15.349,1,80,80,70,70,80,80,5,6,2,4,1,3,2.125,2.125,17.669,1,70,70,70,90,90,80,2,4,1,3,5,6,1.7,1.7,23.224,1,70,70,80,60,60,80,3,2,1,6,4,5,2.527,2.527,38.436,1,14810170,4,1,2,3
2019-04-22 06:49:03,2019-04-22 06:55:19,0,73.55.204.179,100,375,1,2019-04-22 06:55:20,R_TctPBNN1J4BOs81,,,,,29.7971954345703125,-95.32879638671875,anonymous,EN,1,2,22,3,70,70,90,80,75,100,80,7,3,1,2,6,5,4,11.89,65.071,67.031,26,50,100,85,60,70,80,1,2,3,4,5,6,16.683,61.437,66.004,11,5,14.698,14.698,16.278,1,90,80,100,100,85,2,4,1,3,5,7.049,39.418,42.269,6,80,90,90,80,80,90,4,2,1,6,3,5,10.557,34.611,40.153,8,80,80,80,80,85,70,2,6,4,5,3,1,40.078,76.856,82.885,23,90,90,90,80,80,80,3,1,5,2,4,6,4.105,25.905,29.264,8,61312819,2,3,1,4
2019-04-22 06:49:55,2019-04-22 06:55:47,0,216.151.191.129,100,351,1,2019-04-22 06:55:47,R_2wERIrqLD7PfvyN,,,,,38.9091033935546875,-77.02030181884765625,anonymous,EN,1,2,35,5,53,36,44,25,43,28,25,7,1,4,5,3,6,2,12.326,43.906,45.415,21,23,31,42,41,28,26,1,2,3,4,5,6,3.908,18.145,19.333,6,5,43.645,43.645,44.86,1,45,19,21,26,20,1,5,4,2,3,4.986,14.602,15.893,7,38,44,26,31,32,22,2,5,3,6,4,1,4.718,114.164,115.124,7,34,19,30,34,32,56,6,4,1,5,2,3,25.293,44.454,45.738,6,24,20,33,45,25,28,4,5,3,2,1,6,3.887,22.256,25.669,7,56031854,3,4,1,2
2019-04-22 06:52:51,2019-04-22 06:56:28,0,75.133.243.227,100,217,1,2019-04-22 06:56:28,R_1jg3vOpqOy17IQt,,,,,43.3809051513671875,-84.6634979248046875,anonymous,EN,1,2,35,5,20,10,10,10,20,90,5,3,6,4,2,7,1,5,12.29,40.46,44.875,8,60,100,30,40,0,0,1,2,3,4,5,6,11.881,34.856,36.932,8,5,6.229,6.229,8.646,1,20,80,80,10,80,5,3,4,1,2,9.317,31.141,36.549,7,30,50,70,50,60,20,4,6,1,5,3,2,11.029,23.829,26.26,6,70,70,60,40,60,30,1,5,4,6,2,3,5.6,23.903,26.279,6,50,70,20,10,20,20,4,3,2,1,5,6,3.162,16.865,18.384,6,11685720,4,2,1,3
2019-04-22 06:49:21,2019-04-22 06:56:29,0,68.49.62.88,100,427,1,2019-04-22 06:56:29,R_3qVCsfGTmrrVAy8,,,,,42.2440032958984375,-83.58229827880859375,anonymous,EN,1,2,29,5,50,20,20,0,40,80,40,5,6,2,1,7,4,3,22.38,80.844,81.62,9,60,20,20,40,10,20,1,2,3,4,5,6,3.154,41.848,65.153,7,7,13.096,13.096,16.202,1,40,50,92,60,30,5,2,3,4,1,15.469,41.773,50.64,5,20,60,20,50,50,20,6,5,2,4,3,1,26.267,86.314,89.348,9,50,10,50,50,20,40,6,2,5,1,4,3,23.54,53.79,54.522,8,50,100,20,20,20,10,2,1,4,6,3,5,12.392,42.904,45.801,6,69581541,1,4,3,2
2019-04-22 06:49:27,2019-04-22 06:56:30,0,172.116.235.201,100,422,1,2019-04-22 06:56:30,R_22o8g69cftDli0b,,,,,33.87890625,-117.53530120849609375,anonymous,EN,1,1,31,5,50,40,30,75,25,90,50,1,6,7,3,5,4,2,22.236,42.164,44.617,7,50,80,50,50,40,25,1,2,3,4,5,6,28.481,47.537,49.127,8,5,166.061,166.061,171.011,1,50,0,75,50,20,3,5,1,2,4,10.554,24.85,26.183,5,50,90,50,50,90,50,3,2,5,6,1,4,10.875,18.267,19.199,6,50,50,50,50,50,50,2,5,4,1,3,6,11.135,29.359,30.26,6,50,75,50,50,50,50,4,5,2,1,3,6,27.053,35.085,36.561,6,45443056,1,4,3,2
2019-04-22 06:49:26,2019-04-22 06:56:30,0,73.194.199.39,100,424,1,2019-04-22 06:56:31,R_2zvCan8fT6W6cSE,,,,,39.7552032470703125,-74.24700164794921875,anonymous,EN,1,2,45,3,35,20,60,30,40,90,50,2,4,6,3,1,7,5,37.504,96.184,99.197,34,80,60,20,40,20,10,1,2,3,4,5,6,10.78,52.476,58.065,9,5,6.929,6.929,19.83,1,70,50,90,20,60,5,3,1,4,2,9.093,50.869,56.378,5,30,90,50,40,90,30,4,6,5,1,3,2,9.489,66.785,70.839,9,70,20,65,40,65,70,1,2,5,4,3,6,14.175,53.943,63.228,6,80,60,20,20,25,30,2,1,3,6,5,4,5.204,28.636,31.833,6,74243935,2,1,3,4
2019-04-22 06:49:27,2019-04-22 06:56:34,0,23.95.112.86,100,427,1,2019-04-22 06:56:35,R_31ow7koMJfkMER8,,,,,42.8863983154296875,-78.8780975341796875,anonymous,EN,1,1,28,5,75,50,60,80,65,85,80,1,5,6,2,3,4,7,9.186,75.076,79.08,8,90,75,0,50,0,0,1,2,3,4,5,6,22.001,56.034,60.724,9,7,55.186,55.186,60.755,1,90,75,90,50,90,1,2,4,3,5,16.138,16.138,50.102,1,0,0,0,75,0,65,5,4,3,1,6,2,5.093,25.658,40.622,3,90,0,75,0,90,0,2,6,5,1,4,3,4.879,4.879,37.323,1,75,75,0,50,0,50,6,1,5,4,2,3,4.388,43.883,47.032,3,62323901,1,3,2,4
2019-04-22 06:51:01,2019-04-22 06:56:35,0,172.74.166.174,100,333,1,2019-04-22 06:56:35,R_3gMhQfZHbYE1s32,,,,,35.0596923828125,-79.00579833984375,anonymous,EN,1,2,53,5,30,20,30,50,80,80,40,5,7,6,3,4,2,1,20.298,101.147,105.465,12,60,80,40,50,30,30,1,2,3,4,5,6,14.258,45.085,48.234,7,5,9.731,9.731,13.107,1,60,60,70,70,65,1,4,5,3,2,6.169,30.309,34.415,5,40,80,70,30,70,40,5,4,6,3,1,2,13.975,37.401,40.556,6,60,50,60,70,50,70,5,4,2,1,6,3,12.807,29.374,32.546,6,70,80,40,60,40,30,2,5,6,1,3,4,5.487,23.433,26.251,6,59987553,2,1,3,4
2019-04-22 06:49:23,2019-04-22 06:56:47,0,74.91.49.10,100,443,1,2019-04-22 06:56:48,R_2CWj6hUxWuTOYGE,,,,,40.7104949951171875,-74.01290130615234375,anonymous,EN,1,1,28,5,30,20,20,5,10,100,70,1,7,5,2,3,6,4,20.146,60.103,64.731,16,0,0,0,50,10,10,1,2,3,4,5,6,3.308,59.083,61.62,8,6,39.911,39.911,43.758,1,60,20,80,30,30,4,1,3,5,2,4.156,24.917,27.58,5,10,10,40,90,0,10,1,5,6,2,4,3,37.996,73.404,80.787,6,90,10,90,40,40,0,3,6,4,2,5,1,8.29,24.058,35.378,6,100,30,10,90,10,30,1,5,6,3,4,2,4.51,18.983,21.094,6,47146245,3,1,4,2
2019-04-22 06:51:20,2019-04-22 06:56:50,0,71.112.136.110,100,330,1,2019-04-22 06:56:50,R_2VL27YTSALf580q,,,,,40.6416015625,-80.1985015869140625,anonymous,EN,1,1,35,4,15,0,5,60,13,95,25,4,1,3,2,6,7,5,24.189,52.202,52.501,2,100,90,1,5,0,0,1,2,3,4,5,6,7.232,7.232,33.167,1,5,10.055,10.055,18.842,1,55,0,100,100,55,2,4,1,5,3,36.209,36.209,60.842,1,1,100,5,10,100,1,4,6,1,5,2,3,14.911,55.995,57.066,2,55,10,100,100,50,20,6,5,4,2,3,1,1.358,1.358,30.501,1,100,100,15,1,5,100,4,5,2,3,6,1,5.343,5.343,30.767,1,90149024,2,1,3,4
2019-04-22 06:50:26,2019-04-22 06:57:00,0,65.204.10.233,100,394,1,2019-04-22 06:57:00,R_3pgLxSQJxzbv90V,,,,,40.7427978515625,-73.97119903564453125,anonymous,EN,1,2,55,3,20,2,10,5,15,100,20,4,7,1,2,5,3,6,18.139,86.633,87.314,2,35,90,5,3,1,3,1,2,3,4,5,6,0.61,12.03,60.676,3,5,9.036,9.036,12.55,1,25,25,80,10,5,4,5,2,1,3,11.282,45.494,46.021,5,5,75,25,25,75,5,1,4,3,5,2,6,13.241,45.32,49.153,10,25,20,100,40,25,50,3,4,1,6,2,5,10.227,46.167,55.783,11,100,50,5,5,5,1,3,1,4,2,6,5,1.248,30.835,33.459,16,19234512,4,2,1,3
2019-04-22 06:49:23,2019-04-22 06:57:14,0,70.178.17.16,100,470,1,2019-04-22 06:57:15,R_Xw8adgM7vpDijgR,,,,,35.4539947509765625,-94.32779693603515625,anonymous,EN,1,2,54,3,0,0,0,0,0,102,50,3,2,7,6,1,4,5,17.254,75.735,76.82,25,0,0,0,0,0,0,1,2,3,4,5,6,29.4,64.976,66.49,12,5,11.328,17.033,17.957,3,0,0,100,0,0,1,3,5,2,4,14.51,46.405,48.412,18,0,100,0,0,100,0,5,3,1,4,2,6,23.153,61.983,63.287,20,100,100,100,0,50,0,5,3,6,4,2,1,17.574,92.324,93.396,52,100,0,0,0,0,100,2,1,5,3,4,6,6.967,44.495,46.277,19,98924827,1,2,3,4
2019-04-22 06:53:30,2019-04-22 06:57:32,0,131.93.134.41,100,242,1,2019-04-22 06:57:33,R_86Ox2zO6Z4Nbteh,,,,,46.46380615234375,-90.1587982177734375,anonymous,EN,1,2,25,2,25,10,10,15,25,80,20,6,7,3,2,1,4,5,6.383,41.41,42.355,89,30,40,15,10,10,15,1,2,3,4,5,6,0.954,40.063,41.024,50,5,0.728,9.628,11.24,5,25,5,80,5,20,5,2,4,3,1,9.815,33.394,34.182,59,10,20,0,5,20,5,2,3,6,4,5,1,3.362,31.893,32.228,76,5,5,75,25,5,15,3,1,6,5,2,4,1.002,31.165,31.893,79,10,20,10,10,10,20,2,1,5,6,4,3,0.884,28.349,29.302,53,81668959,2,3,4,1
2019-04-22 06:51:16,2019-04-22 06:57:42,0,66.215.164.125,100,385,1,2019-04-22 06:57:42,R_3jYVNGYEO01IGfZ,,,,,33.9763946533203125,-117.33409881591796875,anonymous,EN,1,2,36,5,50,20,15,25,30,90,20,2,3,4,5,1,6,7,14.258,63.069,65.086,9,50,30,20,10,5,2,1,2,3,4,5,6,24.041,48.498,49.483,10,5,20.094,20.094,26.188,1,50,20,90,20,15,4,1,5,2,3,11.409,34.777,37.579,6,20,80,50,40,80,5,6,1,2,5,3,4,12.166,35.967,38.05,6,60,20,75,40,50,15,1,2,6,4,5,3,12.112,36.171,41.616,6,90,50,20,25,20,95,5,2,4,3,1,6,10.039,25.536,29.191,8,62449729,4,3,1,2
2019-04-22 06:49:59,2019-04-22 06:57:45,0,73.89.233.53,100,465,1,2019-04-22 06:57:45,R_3rUH26U05tt5DHL,,,,,42.6208038330078125,-70.67209625244140625,anonymous,EN,1,1,54,5,40,3,45,10,65,40,80,4,3,2,1,5,7,6,19.565,81.695,87.604,7,65,45,10,75,5,60,1,2,3,4,5,6,9.539,58.485,65.871,7,5,10.333,10.333,17.958,1,60,40,50,25,50,5,2,1,4,3,16.631,58.466,73.307,5,20,85,65,55,85,75,6,2,5,3,1,4,22.724,57.62,75.06,6,30,15,60,50,90,20,1,2,5,3,4,6,8.541,69.875,74.549,10,50,80,15,10,10,65,5,6,1,4,3,2,7.541,39.015,42.921,7,43707443,2,1,3,4
2019-04-22 06:51:11,2019-04-22 06:57:49,0,66.67.15.186,100,397,1,2019-04-22 06:57:49,R_1gCJjlLQXdkcGBO,,,,,42.8636932373046875,-76.991302490234375,anonymous,EN,1,2,63,5,50,50,50,50,50,100,50,4,7,5,6,3,1,2,21.934,82.984,83.779,8,60,90,50,60,50,20,1,2,3,4,5,6,20.01,57.575,62.594,8,8,29.277,29.277,31.007,1,60,50,90,10,50,2,4,5,1,3,17.795,38.966,43.652,5,50,90,60,50,90,50,1,4,2,5,3,6,17.763,38.138,41.501,6,60,50,90,50,60,50,3,6,2,5,1,4,17.486,43.514,44.511,7,90,60,50,50,50,50,1,3,2,6,4,5,8.619,30.911,35.477,6,94255361,3,1,2,4
2019-04-22 06:56:13,2019-04-22 06:58:03,0,67.180.106.232,100,109,1,2019-04-22 06:58:03,R_3Pppq06Z2ZkWTG0,,,,,37.26849365234375,-121.8489990234375,anonymous,EN,1,2,36,5,50,60,75,80,50,60,70,7,4,2,3,6,1,5,0,0,10.942,0,60,70,75,60,65,50,1,2,3,4,5,6,0,0,5.194,0,5,0,0,6.157,0,90,80,70,85,75,3,1,5,2,4,0,0,4.298,0,60,50,80,45,75,55,1,2,6,4,5,3,0,0,5.729,0,58,75,60,65,60,75,5,6,4,3,1,2,0,0,10.909,0,75,70,60,65,50,60,1,2,6,4,5,3,0,0,6.858,0,33690983,3,2,4,1
2019-04-22 06:53:20,2019-04-22 06:58:10,0,107.185.127.204,100,290,1,2019-04-22 06:58:11,R_3LhWUawABrL2Abf,,,,,33.967498779296875,-118.14640045166015625,anonymous,EN,1,2,27,2,50,0,50,10,10,70,50,3,2,1,7,5,6,4,1.715,61.781,64.271,7,10,0,0,0,0,10,1,2,3,4,5,6,11.948,33.198,37.368,6,5,62.26,64.51,66.197,3,50,0,70,0,0,5,2,1,4,3,18.323,29.227,31.577,5,0,70,0,0,70,0,4,5,1,2,6,3,14.908,35.978,37.201,7,10,0,0,0,0,0,2,1,5,4,3,6,11.953,21.4,22.695,6,0,50,0,0,0,0,6,5,1,2,3,4,4.418,13.239,14.209,7,69989104,3,1,2,4
2019-04-22 06:53:41,2019-04-22 06:58:16,0,65.186.20.223,100,275,1,2019-04-22 06:58:17,R_2wgGo51rBISWdWa,,,,,39.953399658203125,-83.78009796142578125,anonymous,EN,1,2,36,3,50,5,25,50,20,75,50,7,2,1,4,6,5,3,15.215,42.486,45.534,7,35,65,40,10,5,25,1,2,3,4,5,6,1.318,32.558,37.022,6,5,20.221,20.221,23.037,1,20,0,90,75,15,4,1,5,3,2,10.55,37.078,42.749,5,40,60,10,50,60,35,3,5,4,1,2,6,1.143,40.12,47.912,7,35,25,50,20,15,50,6,5,4,1,3,2,8.601,23.305,31.593,6,50,65,30,20,20,20,1,3,5,6,2,4,5.382,25.262,27.782,6,87361764,4,2,1,3
2019-04-22 06:49:32,2019-04-22 06:58:36,0,68.4.192.232,100,544,1,2019-04-22 06:58:37,R_shgnnuE2XPANWP7,,,,,33.61279296875,-117.662200927734375,anonymous,EN,1,2,43,5,30,5,50,5,50,90,50,3,7,5,6,2,4,1,103.891,127.47,189.999,2,70,70,10,50,5,25,1,2,3,4,5,6,14.056,59.7,61.556,3,5,20.2,20.2,25.748,1,75,60,60,30,55,1,5,2,3,4,1.478,61.66,63.754,2,20,65,50,70,75,50,2,4,6,1,5,3,19.567,19.567,55.168,1,75,10,100,65,90,100,5,2,3,4,6,1,7.336,7.336,55.83,1,80,70,10,10,50,60,5,2,4,6,3,1,1.574,3.418,67.957,2,67023770,2,3,4,1
2019-04-22 06:53:19,2019-04-22 06:58:37,0,66.24.34.255,100,317,1,2019-04-22 06:58:37,R_3RlqOCKLWPQAkdl,,,,,42.14630126953125,-75.88649749755859375,anonymous,EN,1,1,23,4,15,5,20,10,10,95,15,6,5,2,3,1,4,7,3.604,45.413,53.828,9,40,15,0,0,5,5,1,2,3,4,5,6,7.201,41.534,45.708,10,5,7.921,8.24,10.491,2,5,0,100,5,0,3,5,4,2,1,11.429,43.129,48.986,9,15,80,75,20,80,35,2,6,4,1,5,3,8.235,37.664,41.315,8,25,10,100,2,15,75,2,3,5,4,1,6,16.466,50.101,52.056,29,75,90,30,50,30,50,5,3,4,1,2,6,6.047,23.801,30.059,28,74319924,1,4,2,3
2019-04-22 06:49:31,2019-04-22 06:59:00,0,24.59.152.25,100,569,1,2019-04-22 06:59:01,R_2EbGKAWwYb2wcvI,,,,,43.1139984130859375,-77.56890106201171875,anonymous,EN,1,2,30,5,30,5,10,2,20,95,30,5,2,7,6,3,1,4,27.611,109.878,114.462,11,60,70,5,3,1,4,1,2,3,4,5,6,14.898,63.864,86.587,8,5,8.072,12.482,15.574,2,60,15,95,10,75,4,3,2,1,5,46.223,78.617,84.965,5,3,90,2,30,90,4,4,3,2,1,6,5,19.126,60.458,62.688,8,60,15,90,95,50,100,4,2,3,5,1,6,17.84,115.737,143.977,16,90,60,5,1,3,95,3,6,4,1,2,5,3.865,3.865,30.376,1,10993437,1,3,2,4
2019-04-22 06:53:37,2019-04-22 06:59:12,0,98.250.108.50,100,334,1,2019-04-22 06:59:12,R_ZIcBHKG9VhJOWrf,,,,,42.8697052001953125,-85.66280364990234375,anonymous,EN,1,2,47,3,20,10,25,20,5,100,30,1,3,4,5,2,7,6,18.107,62.916,66.621,7,10,90,20,25,10,15,1,2,3,4,5,6,14.033,30.575,33.186,7,5,20.178,20.178,23.057,1,10,35,75,5,10,3,2,1,4,5,11.068,38.965,42.406,8,20,85,30,25,85,20,5,6,3,4,2,1,15.768,43.952,44.905,8,20,15,75,5,25,25,3,1,5,6,4,2,8.746,32.943,40.027,6,10,70,10,15,15,25,5,4,2,1,3,6,6.903,36.178,39.229,8,52076041,2,3,4,1
2019-04-22 06:53:17,2019-04-22 06:59:35,0,107.137.133.73,100,377,1,2019-04-22 06:59:36,R_2frKTr9012R9i57,,,,,29.9196014404296875,-95.4385986328125,anonymous,EN,1,1,64,3,50,70,60,80,70,100,70,6,2,7,1,3,4,5,14.105,63.223,64.323,8,30,100,50,50,15,15,1,2,3,4,5,6,15.507,37.594,44.648,6,5,7.92,12.282,13.447,3,60,15,80,15,30,3,1,4,2,5,21.895,38.568,49.323,5,80,80,80,50,80,50,4,1,2,5,3,6,27.357,48.768,53.283,7,60,100,100,75,70,70,2,6,1,5,4,3,13.631,58.992,60.958,7,100,60,80,15,50,70,6,5,2,3,1,4,5.295,32.043,35.314,6,81542704,4,3,1,2
2019-04-22 06:56:58,2019-04-22 07:00:03,0,136.49.182.219,100,184,1,2019-04-22 07:00:03,R_3CI6X510QJY6wMq,,,,,30.209503173828125,-97.79720306396484375,anonymous,EN,1,2,30,5,50,50,40,49,50,70,25,6,3,4,5,2,1,7,4.092,24.895,29.406,9,20,90,60,5,30,20,1,2,3,4,5,6,1.865,33.718,36.86,7,8,9.855,9.855,12.155,1,20,30,25,50,5,1,5,3,4,2,0.864,16.416,19.16,5,20,30,60,50,30,20,1,3,4,2,6,5,10.875,27.56,31.721,6,20,50,70,25,5,90,2,3,5,1,6,4,0.938,17.749,20.432,7,70,44,20,50,60,10,5,6,2,3,4,1,3.27,16.394,19.728,6,44523968,4,1,2,3
2019-04-22 06:54:54,2019-04-22 07:00:07,0,184.57.87.166,100,312,1,2019-04-22 07:00:07,R_PNWB543Pwvf1dUl,,,,,40.0269927978515625,-81.582000732421875,anonymous,EN,1,1,37,5,10,2,20,5,10,100,50,2,6,3,5,7,1,4,9.874,52.121,56.537,9,30,70,5,20,10,35,1,2,3,4,5,6,16.384,49.59,56.11,10,5,28.482,28.482,29.329,1,55,5,75,90,65,2,4,3,5,1,11.086,29.031,31.508,8,30,90,10,35,90,35,4,2,6,5,3,1,9.194,39.112,41.766,6,50,15,55,15,50,80,2,6,5,1,3,4,4.209,20.1,23.363,6,50,80,5,40,35,45,4,2,1,3,6,5,3.584,22.662,25.77,7,61746991,4,3,2,1
2019-04-22 06:52:08,2019-04-22 07:00:50,0,72.132.148.59,100,521,1,2019-04-22 07:00:50,R_3fJgVZHA6K7OcTO,,,,,33.9282073974609375,-116.88990020751953125,anonymous,EN,1,2,47,5,10,0,0,5,5,70,30,7,4,5,3,2,1,6,29.128,97.474,98.755,61,0,30,0,0,0,10,1,2,3,4,5,6,24.561,59.989,61.159,31,5,10.423,10.423,14.998,1,20,60,40,20,40,5,1,2,4,3,14.424,51.641,52.71,37,0,60,40,10,60,5,1,4,5,2,6,3,19.379,76.229,77.618,49,20,20,60,50,30,50,3,1,4,2,6,5,14.476,50.839,52.112,41,60,70,10,0,0,30,1,3,2,4,6,5,15.611,46.747,47.641,27,41974267,2,1,3,4
2019-04-22 06:56:10,2019-04-22 07:01:04,0,68.129.243.14,100,293,1,2019-04-22 07:01:04,R_1GT7pwIzeZ86x0U,,,,,40.813507080078125,-73.93810272216796875,anonymous,EN,1,1,35,5,50,5,50,30,50,99,70,6,7,3,4,2,5,1,23.912,57.277,59.182,7,70,80,5,20,10,40,1,2,3,4,5,6,13.809,13.809,42.965,1,5,1.046,7.672,8.5,3,70,30,90,10,60,5,3,2,4,1,13.257,22.184,45.098,2,50,80,0,50,80,50,4,6,1,5,3,2,16.83,16.83,45.948,1,80,50,80,60,90,50,6,4,5,3,1,2,5.45,5.45,25.868,1,50,90,50,40,50,30,2,1,5,3,6,4,2.996,3.84,21.383,2,81857781,1,2,4,3
2019-04-22 06:54:12,2019-04-22 07:01:23,0,65.249.163.113,100,430,1,2019-04-22 07:01:23,R_2f0ONEAd1IkNIul,,,,,37.751007080078125,-97.82199859619140625,anonymous,EN,1,1,66,5,0,0,0,20,10,50,20,1,6,4,2,5,3,7,22.197,68.58,71.867,12,5,10,5,50,10,20,1,2,3,4,5,6,23.647,49.318,53.853,9,5,27.113,27.113,29.57,1,10,10,25,30,25,3,2,4,5,1,10.894,45.797,48.535,8,10,20,20,10,20,20,2,1,4,5,3,6,21.938,43.897,50.465,8,20,10,20,15,15,20,3,2,1,6,5,4,14.11,37.357,44.838,8,25,10,20,15,5,25,4,6,1,3,5,2,8.473,31.816,37.224,7,33404291,4,2,3,1
2019-04-22 06:56:05,2019-04-22 07:01:37,0,38.64.51.27,100,332,1,2019-04-22 07:01:37,R_3PdDllTr6loR74o,,,,,41.848297119140625,-87.651702880859375,anonymous,EN,1,2,41,5,-23,28,-41,-56,19,80,9,7,2,6,3,4,1,5,1.879,1.879,133.241,1,-50,29,-100,24,20,8,1,2,3,4,5,6,0,0,46.69,0,5,23.888,26.602,28.737,2,72,79,58,62,69,3,4,5,1,2,0,0,19.481,0,6,45,77,27,33,-26,6,3,5,1,2,4,4.279,4.279,22.128,1,100,46,47,14,88,30,6,3,4,2,5,1,0,0,23.953,0,58,10,4,23,11,14,2,4,6,5,1,3,1.724,1.724,41.3,1,41065630,4,2,3,1
2019-04-22 06:49:44,2019-04-22 07:01:47,0,103.99.150.206,100,722,1,2019-04-22 07:01:47,R_WfBByKpjzoJTPlD,,,,,10.990997314453125,76.966705322265625,anonymous,EN,1,2,30,5,10,20,20,20,20,10,10,6,4,2,3,1,5,7,119.742,134.219,147.723,13,30,10,10,10,10,10,1,2,3,4,5,6,1.977,1.977,20.681,1,7,386.61,386.61,387.884,1,10,0,10,20,20,3,1,2,4,5,2.064,51.801,88.774,3,30,10,20,20,10,30,2,6,4,3,5,1,8.44,12,19.654,4,20,10,20,10,20,10,5,3,4,1,2,6,3.883,7.556,16.359,7,20,30,20,20,10,40,3,5,2,1,6,4,6.539,6.539,15.21,1,11506758,1,4,2,3
2019-04-22 06:58:10,2019-04-22 07:02:56,0,71.71.214.155,100,285,1,2019-04-22 07:02:56,R_qJGV4d66cH2vgdP,,,,,35.2227020263671875,-80.79380035400390625,anonymous,EN,1,2,33,3,20,30,40,40,50,100,40,5,4,2,1,3,6,7,11.965,39.889,45.794,7,20,40,20,10,10,30,1,2,3,4,5,6,73.425,100.412,101.99,9,5,7.775,7.775,10.409,1,10,10,80,50,10,1,3,5,4,2,8.156,19.334,22.7,5,10,80,70,50,80,10,1,2,5,6,4,3,9.177,20.634,26.195,6,5,5,100,50,50,60,1,2,3,5,4,6,9.009,32.151,34.927,8,5,80,5,5,5,5,2,3,5,6,1,4,6.061,22.51,23.795,7,67151342,3,4,2,1
2019-04-22 06:57:01,2019-04-22 07:03:02,0,107.136.174.108,100,361,1,2019-04-22 07:03:03,R_6PCcwn9hPi15j4R,,,,,41.5092010498046875,-87.59380340576171875,anonymous,EN,1,1,35,5,0,15,20,10,50,90,70,4,3,1,2,5,7,6,9.287,36.593,41.871,18,20,70,10,15,5,40,1,2,3,4,5,6,12.619,33.933,37.769,6,5,10.802,10.802,12.542,1,80,50,20,5,60,5,2,4,1,3,18.99,33.996,37.327,5,10,80,70,40,80,10,2,6,5,3,1,4,25.141,40.473,43.606,6,50,10,90,40,70,20,3,4,2,5,1,6,17.697,65.855,66.298,8,70,80,10,20,5,15,3,5,2,4,1,6,59.707,76.069,82.986,6,14635962,3,2,1,4
2019-04-22 07:00:41,2019-04-22 07:04:09,0,67.189.171.219,100,208,1,2019-04-22 07:04:10,R_2q2U09LysuPjfvN,,,,,42.456695556640625,-71.37470245361328125,anonymous,EN,1,1,22,5,40,30,30,20,30,80,40,1,3,6,2,4,7,5,5.624,26.955,34.717,4,80,95,30,20,10,20,1,2,3,4,5,6,1.012,1.012,24.025,1,5,4.961,4.961,5.992,1,80,30,70,20,90,4,3,2,1,5,1.181,1.181,24.676,1,30,95,80,30,95,30,1,2,5,3,4,6,2.202,26.587,28.166,4,90,30,90,10,95,50,5,3,6,4,2,1,4.194,17.138,18.201,3,20,90,20,20,20,20,1,3,4,2,5,6,2.67,10.911,14.569,5,13514574,1,2,4,3
2019-04-22 06:58:57,2019-04-22 07:04:10,0,74.243.161.167,100,313,1,2019-04-22 07:04:11,R_1NyqKHoGYwFz8QQ,,,,,35.3596038818359375,-82.42659759521484375,anonymous,EN,1,2,60,2,15,2,11,5,4,17,7,1,5,2,4,6,7,3,9.368,39.566,47.191,7,14,10,6,2,4,3,1,2,3,4,5,6,10.015,38.182,44.932,6,5,10.37,10.37,12.333,1,22,14,78,7,3,2,1,3,5,4,11.36,36.375,43.351,6,5,46,10,8,46,4,4,2,1,3,5,6,18.697,51.784,56.535,7,58,27,58,39,50,77,5,2,4,6,1,3,12.413,38.309,43.284,6,22,57,6,17,21,5,1,3,4,2,6,5,7.631,35.301,38.911,6,25329314,2,1,4,3
2019-04-22 06:51:56,2019-04-22 07:04:21,0,35.129.74.217,100,744,1,2019-04-22 07:04:21,R_1riGw7ZRfAW3P6u,,,,,34.2350006103515625,-116.905303955078125,anonymous,EN,1,2,39,5,30,20,50,60,25,100,30,3,2,6,4,1,5,7,9.476,54.471,54.941,9,60,70,25,20,20,60,1,2,3,4,5,6,12.535,32.826,34.92,9,5,7.964,7.964,11.475,1,60,75,20,75,80,4,5,2,1,3,5.707,27.907,31.344,6,30,75,40,30,75,25,6,4,5,2,1,3,10.396,34.176,36.799,8,60,60,100,75,60,75,4,3,6,2,1,5,1.81,35.453,37.999,10,100,60,30,60,35,100,3,6,4,2,5,1,3.557,25.001,27.688,11,28265787,4,3,1,2
2019-04-22 07:00:54,2019-04-22 07:05:00,0,12.185.249.139,100,245,1,2019-04-22 07:05:00,R_1hyDUe64JvN5AYc,,,,,32.8983001708984375,-96.1260986328125,anonymous,EN,1,2,26,2,30,60,65,50,75,95,30,5,2,3,7,4,6,1,13.012,37.143,47.636,6,70,20,10,20,10,60,1,2,3,4,5,6,0,0,34.427,0,5,9.186,9.186,11.507,1,70,0,60,20,0,4,1,3,5,2,0,0,24.61,0,20,75,50,20,75,20,4,5,2,3,1,6,22.258,22.258,27.016,1,70,30,90,90,75,40,4,3,1,6,5,2,6.854,6.854,39.482,1,80,70,20,50,50,20,2,6,4,3,1,5,0,0,40.599,0,94597354,2,4,1,3
2019-04-22 06:56:28,2019-04-22 07:05:12,0,68.44.132.127,100,523,1,2019-04-22 07:05:13,R_27CCwn5YiYKlKL2,,,,,40.114593505859375,-85.72530364990234375,anonymous,EN,1,2,43,5,50,0,0,5,75,100,50,1,5,6,4,3,2,7,15.684,54.81,60.135,10,10,20,10,0,0,25,1,2,3,4,5,6,19.761,97.961,101.948,8,5,24.361,24.361,65.048,1,100,50,90,100,100,5,3,1,4,2,10.585,36.369,39.654,5,5,100,50,50,100,70,3,4,6,2,1,5,45.786,84.25,89.888,7,99,10,100,95,100,0,2,6,3,5,1,4,11.018,50.739,73.672,3,100,100,10,20,5,90,2,6,1,4,3,5,3.728,34.567,37.687,6,68670296,4,2,1,3
2019-04-22 06:59:47,2019-04-22 07:05:40,0,68.113.115.126,100,353,1,2019-04-22 07:05:41,R_1oAP8gVW8pkU1uE,,,,,33.6454010009765625,-86.7014007568359375,anonymous,EN,1,2,26,5,80,75,55,75,30,60,55,5,4,7,1,6,2,3,1.466,32.095,34.062,8,75,50,60,55,30,60,1,2,3,4,5,6,1.297,101.307,104.434,7,4,4.128,5.21,6.312,2,55,60,85,55,70,2,4,3,1,5,1.355,11.314,15.891,5,40,85,55,65,55,85,3,2,1,5,4,6,51.506,68.905,69.872,7,55,75,70,55,30,55,5,6,2,1,4,3,3.644,18.747,24.457,7,65,55,80,30,80,45,4,2,5,3,1,6,1.461,15.715,18.193,6,61502503,2,4,3,1
2019-04-22 06:59:49,2019-04-22 07:06:08,0,184.91.134.106,100,378,1,2019-04-22 07:06:08,R_UYBDlRUomdI4Lh7,,,,,28.45660400390625,-80.79779815673828125,anonymous,EN,1,2,34,4,25,25,10,40,45,65,55,4,1,2,6,5,7,3,27.078,52.396,66.706,2,60,10,10,60,5,55,1,2,3,4,5,6,38.841,38.841,69.694,1,5,21.414,21.414,31.438,1,75,65,60,60,70,1,2,4,5,3,19.011,19.011,45.476,1,75,75,60,75,65,75,1,2,6,4,5,3,32.565,62.908,64.8,2,75,60,75,20,90,75,5,6,2,4,3,1,9.83,11.101,28.516,2,60,25,40,10,40,75,6,2,1,5,3,4,7.374,7.374,40.406,1,73413678,3,2,4,1
2019-04-22 06:58:27,2019-04-22 07:07:20,0,47.210.3.243,100,533,1,2019-04-22 07:07:21,R_1g7LbL9QdtKE9J1,,,,,32.54339599609375,-93.70110321044921875,anonymous,EN,1,2,56,3,70,60,55,50,30,80,70,1,2,5,4,6,7,3,18.307,63.195,72.185,7,60,90,50,60,10,2,1,2,3,4,5,6,16.853,61.78,90.834,8,5,40.407,40.407,106.227,1,60,60,75,90,60,5,2,1,3,4,9.778,40.593,48.927,5,30,80,50,60,80,50,2,3,1,6,4,5,20.754,59.57,70.907,6,60,50,90,60,60,70,5,3,2,1,6,4,17.088,48.083,62.926,6,90,90,50,50,50,50,2,4,5,6,1,3,5.845,38.573,45.93,7,68247976,4,1,2,3
2019-04-22 07:05:08,2019-04-22 07:08:08,0,3.14.73.187,100,180,1,2019-04-22 07:08:09,R_ThjDHBQhv1KMyCB,,,,,39.965301513671875,-83.02349853515625,anonymous,EN,1,1,30,3,24,60,40,45,70,25,65,2,3,5,1,4,7,6,6,36.163,38.171,27,55,60,40,35,27,60,1,2,3,4,5,6,1.841,16.7,21.399,15,5,8.501,9.19,9.882,3,30,27,20,10,45,5,1,4,2,3,2.039,15.594,18.565,12,55,65,45,35,30,50,3,1,4,6,5,2,4.514,21.094,24.223,13,40,35,27,35,36,54,2,6,5,1,4,3,2.2,18.843,20.367,16,35,44,45,25,40,10,4,3,1,5,6,2,1.245,21.243,22.913,14,27853796,4,1,3,2
2019-04-22 07:03:38,2019-04-22 07:09:01,0,73.33.38.13,100,323,1,2019-04-22 07:09:02,R_1puJFZPxaBZUmMS,,,,,39.8444061279296875,-74.19730377197265625,anonymous,EN,1,1,26,3,60,60,30,40,30,100,80,6,1,2,3,7,5,4,29.495,106.881,112.435,17,90,80,75,90,30,70,1,2,3,4,5,6,2.403,35.401,38.826,8,5,7.526,8.567,11.94,2,70,40,60,30,40,4,3,5,1,2,5.214,31.336,34.354,6,60,09,80,40,90,60,2,4,5,3,1,6,11.753,35.846,36.911,10,90,80,100,70,90,80,3,5,2,1,4,6,14.534,36.664,40.533,10,90,80,40,30,50,80,1,2,5,3,4,6,2.96,19.278,24.381,9,93506850,3,4,1,2
2019-04-22 07:00:25,2019-04-22 07:09:28,0,180.149.210.222,100,542,1,2019-04-22 07:09:28,R_xa7yOysAYlA5rmF,,,,,24.904296875,67.081695556640625,anonymous,EN,1,1,44,6,0,40,20,20,30,50,20,1,5,2,6,7,4,3,33.443,69.992,74.554,8,60,25,30,70,10,10,1,2,3,4,5,6,30.056,58.68,63.065,7,5,63.445,73.15,78.281,2,70,40,20,30,60,5,2,3,1,4,17.205,40.083,51.411,12,5,90,0,20,80,10,4,5,3,6,2,1,35.798,65.389,69.348,16,70,20,30,40,70,10,5,2,3,6,4,1,22.238,52.27,60.525,6,0,20,10,10,0,30,1,4,2,6,3,5,27.941,49.405,55.844,10,56575546,1,2,4,3
2019-04-22 06:49:43,2019-04-22 07:10:47,0,198.46.202.234,100,1263,1,2019-04-22 07:10:47,R_2fcygtTZeOi1YHO,,,,,41.29400634765625,-96.05410003662109375,anonymous,EN,1,2,28,6,0,20,10,0,40,40,20,6,2,5,7,3,1,4,292.908,441.644,482.096,11,40,50,40,60,50,20,1,2,3,4,5,6,126.08,126.08,140.195,1,5,29.852,29.852,30.78,1,40,20,30,60,30,2,5,4,3,1,4.914,4.914,391.504,1,50,50,80,70,60,90,6,3,4,1,2,5,1.909,12.442,15.089,2,50,60,20,30,40,50,4,5,6,3,2,1,110.293,122.502,122.848,3,70,50,30,60,40,20,4,1,6,3,2,5,2.282,2.282,11.318,1,59096806,1,3,2,4
2019-04-22 07:08:35,2019-04-22 07:12:13,0,174.60.204.226,100,217,1,2019-04-22 07:12:13,R_1FCUseuGJ7vUL2g,,,,,40.2781982421875,-76.7093963623046875,anonymous,EN,1,2,46,2,50,20,25,30,45,85,75,4,3,1,7,5,6,2,6.276,40.827,42.371,13,65,40,20,35,15,25,1,2,3,4,5,6,2.112,41.338,44.536,12,5,7.186,7.186,10.121,1,50,30,80,25,65,4,5,1,2,3,0.454,32.068,34.794,8,45,80,35,65,80,50,3,1,4,6,2,5,4.683,24.677,27.005,6,65,25,50,40,65,35,1,2,3,6,5,4,0.584,20.243,23.071,10,55,30,30,25,25,65,2,6,4,3,5,1,0.626,14.367,16.852,7,42082098,3,1,2,4
2019-04-22 06:52:19,2019-04-22 07:15:26,0,67.166.140.47,100,1387,1,2019-04-22 07:15:27,R_3PFZ6nY21BRMMfL,,,,,38.6096038818359375,-121.444305419921875,anonymous,EN,1,1,38,3,0,0,0,0,95,10,40,5,3,7,4,1,6,2,165.137,223.752,229.985,18,0,90,0,0,0,10,1,2,3,4,5,6,23.428,78.508,81.822,20,5,21.189,21.189,55.318,1,1,0,95,0,0,3,1,2,5,4,20.724,62.919,63.575,10,0,50,5,5,50,1,5,4,2,6,1,3,409.998,545.532,549.246,6,5,5,35,65,89,0,1,6,4,5,3,2,7.897,73.86,74.62,10,35,80,0,5,0,0,2,4,3,5,6,1,14.63,109.564,110.852,13,37979178,1,4,3,2
2019-04-22 06:49:09,2019-04-22 07:16:03,0,24.104.64.110,100,1613,1,2019-04-22 07:16:03,R_1DNgbn5OU9TWfPk,,,,,42.0717926025390625,-72.67510223388671875,anonymous,EN,1,2,37,6,15,45,25,50,50,60,15,2,5,1,3,4,6,7,17.942,41.334,46.86,8,40,70,50,30,40,20,1,2,3,4,5,6,26.826,85.202,124.056,7,5,16.862,16.862,18.142,1,15,25,50,15,30,3,5,4,2,1,1.291,25.466,29.019,5,45,55,15,10,55,15,2,1,4,6,3,5,46.619,63.323,66.091,6,15,20,25,30,15,25,4,3,6,2,5,1,6.012,1259.78,1264.827,6,40,45,35,30,35,25,5,6,3,4,1,2,25.867,43.427,47.09,6,61548356,4,1,2,3
2019-04-22 07:12:46,2019-04-22 07:17:21,0,24.48.210.135,100,274,1,2019-04-22 07:17:21,R_1GV0IFD0YWAF6Hq,,,,,18.427398681640625,-67.1540985107421875,anonymous,EN,1,1,29,4,5,3,1,1,3,10,10,2,3,4,6,7,5,1,24.464,49.245,50.574,23,6,5,2,4,4,3,1,2,3,4,5,6,61.187,61.187,87.192,1,5,4.88,4.88,6.018,1,8,1,8,7,5,1,2,5,3,4,2.656,24.921,25.579,3,5,2,4,1,1,3,2,4,1,6,3,5,3.137,49.109,49.757,2,8,1,4,1,6,1,3,1,5,2,6,4,2.727,3.31,17.269,2,50,50,50,50,50,50,3,6,1,4,2,5,4.955,4.955,14.475,1,15909791,3,1,2,4
2019-04-22 07:12:41,2019-04-22 07:17:21,0,24.151.192.196,100,279,1,2019-04-22 07:17:21,R_3iW0UZu2ZbdgnVP,,,,,34.782806396484375,-84.933197021484375,anonymous,EN,1,1,57,2,50,50,50,50,50,80,40,2,3,1,6,7,5,4,1.912,28.713,71.074,2,10,50,50,5,10,10,1,2,3,4,5,6,1.451,2.215,36.466,2,5,7.896,7.896,9.742,1,10,50,90,50,60,3,4,2,1,5,1.116,1.116,30.112,1,50,50,10,50,50,5,5,2,1,3,6,4,2.104,2.104,38.331,1,10,50,50,50,5,50,1,5,4,2,3,6,1.491,1.491,30.543,1,10,10,10,10,10,5,5,6,4,3,1,2,2.137,24.509,26.529,2,38278969,2,1,3,4
2019-04-22 07:07:20,2019-04-22 07:17:40,0,104.200.38.137,100,620,1,2019-04-22 07:17:40,R_1ewLkuaCfP8Hk6N,,,,,35.6699066162109375,-97.46469879150390625,anonymous,EN,1,2,28,5,0,0,0,0,0,3,1,4,2,5,7,3,6,1,2.736,108.676,110.14,40,3,2,0,0,0,0,1,2,3,4,5,6,4.338,91.134,92.399,48,5,2.211,48.262,50.256,10,40,30,0,0,30,3,4,2,5,1,16.216,71.529,72.697,23,0,60,80,0,70,0,6,5,2,1,3,4,106.242,160.794,161.694,41,2,0,60,10,14,0,1,2,6,5,3,4,23.863,61.217,62.34,37,90,0,0,0,0,30,6,2,4,3,1,5,4.872,34.932,35.525,27,16458724,3,2,1,4
2019-04-22 07:08:54,2019-04-22 07:18:39,0,181.215.76.156,100,585,1,2019-04-22 07:18:39,R_3Jl6UlkOZss1Eci,,,,,40.8144989013671875,-96.700897216796875,anonymous,EN,1,2,31,6,70,75,80,80,90,100,99,6,4,7,2,3,5,1,13.146,13.146,37.325,1,0,60,0,0,0,100,1,2,3,4,5,6,306.296,323.655,326.157,6,7,6.383,6.383,7.581,1,0,0,90,30,80,4,3,1,2,5,7.995,24.771,25.318,6,40,99,0,50,100,45,6,1,2,5,4,3,15.351,35.209,37.947,6,0,0,100,0,0,0,1,3,4,2,6,5,12.196,19.293,20.056,6,0,0,0,0,0,0,4,1,6,5,3,2,6.683,11.45,12.249,6,13046995,1,2,4,3
2019-04-22 07:16:01,2019-04-22 07:20:03,0,74.134.75.252,100,242,1,2019-04-22 07:20:04,R_2YE6RaEXsDkQ734,,,,,38.0012054443359375,-84.532501220703125,anonymous,EN,1,1,37,3,70,30,65,50,60,70,55,1,3,2,5,6,4,7,9.645,36.963,40.777,7,65,80,40,30,20,20,1,2,3,4,5,6,12.037,33.676,37.086,6,5,7.194,7.194,18.282,1,70,90,80,70,90,4,3,1,2,5,8.962,26.5,29.103,5,40,90,5,40,90,50,4,3,2,5,1,6,9.331,35.047,37.37,6,80,40,80,50,80,70,5,1,6,4,3,2,8.116,23.577,25.444,6,70,60,30,40,30,70,2,6,5,4,3,1,4.613,20.456,22.839,6,13826823,3,2,4,1
2019-04-22 07:19:22,2019-04-22 07:21:10,0,73.155.50.63,100,107,1,2019-04-22 07:21:10,R_22ldCGWhXW8NmYg,,,,,30.21209716796875,-95.52629852294921875,anonymous,EN,1,2,27,3,30,10,10,20,10,60,40,7,2,5,1,6,4,3,0.474,0.856,23.34,2,70,20,10,40,10,10,1,2,3,4,5,6,0.654,0.654,22.916,1,5,1.341,5.028,5.802,5,20,20,30,10,40,2,5,4,3,1,0.547,0.547,4.417,1,20,60,10,10,70,10,2,5,3,6,1,4,0.699,13.905,20.448,11,20,10,30,30,20,10,4,2,6,3,1,5,0.586,0.586,7.685,1,10,10,10,10,10,10,4,6,2,1,3,5,1.297,1.297,7.487,1,66062804,4,1,3,2
2019-04-22 07:16:56,2019-04-22 07:23:47,0,68.50.112.157,100,410,1,2019-04-22 07:23:47,R_1eCvc8BA2qox9jM,,,,,39.5991973876953125,-86.12999725341796875,anonymous,EN,1,2,33,5,15,25,10,60,70,80,10,4,5,1,2,3,6,7,11.265,51.119,65.557,7,25,85,15,10,10,40,1,2,3,4,5,6,18.847,63.489,71.315,7,5,14.806,14.806,35.546,1,60,70,85,50,85,2,1,4,3,5,8.081,43.913,50.261,6,15,70,25,20,70,15,1,5,6,4,2,3,11.353,34.945,54.724,6,50,15,75,50,50,75,3,5,4,1,2,6,9.127,46.663,55.301,6,20,75,10,15,20,25,6,2,1,4,3,5,7.687,40.207,48.937,6,23919722,4,3,2,1
2019-04-22 07:21:02,2019-04-22 07:25:18,0,174.85.150.82,100,256,1,2019-04-22 07:25:19,R_1kOLLKnQplHuJyZ,,,,,33.6331024169921875,-86.59870147705078125,anonymous,EN,1,1,50,5,18,18,8,29,56,33,10,7,1,4,3,6,5,2,15.198,47.014,48.098,14,7,40,21,11,7,4,1,2,3,4,5,6,8.592,29.223,30.564,11,8,5.624,13.232,15.166,3,18,12,86,1,11,4,1,2,3,5,4.458,22.04,23.899,14,10,60,30,12,63,18,5,2,1,3,6,4,8.932,34.724,36.479,20,16,18,30,0,54,80,5,4,2,6,1,3,7.67,42.846,43.969,18,56,79,18,18,36,55,4,2,5,3,6,1,10.337,33.137,34.093,11,62948022,4,1,2,3
2019-04-22 07:23:38,2019-04-22 07:25:20,0,24.46.117.154,100,101,1,2019-04-22 07:25:20,R_xxhgOfV3ZaDzJQZ,,,,,40.6186065673828125,-73.9272003173828125,anonymous,EN,1,2,29,5,10,10,20,20,10,20,10,2,5,3,1,6,4,7,0.803,2.927,9.243,3,20,10,10,10,20,30,1,2,3,4,5,6,7.904,7.904,8.191,1,5,4.605,9.861,10.464,4,20,20,20,10,30,3,2,4,5,1,0,0,5.451,0,20,20,20,0,30,10,3,5,1,6,2,4,0,0,9.796,0,20,20,20,10,30,0,3,1,5,2,4,6,0.68,15.559,17.603,2,20,30,20,10,20,0,5,6,4,3,2,1,0.661,0.661,8.033,1,83244898,3,4,1,2
2019-04-22 07:20:55,2019-04-22 07:26:16,0,45.57.196.133,100,320,1,2019-04-22 07:26:16,R_1l69NxcrhDaie82,,,,,39.99139404296875,-83.0034027099609375,anonymous,EN,1,2,28,5,10,8,5,20,0,50,60,1,7,2,5,4,3,6,3.431,80.997,82.266,13,25,5,5,25,5,30,1,2,3,4,5,6,8.361,40.305,46.135,6,5,40.097,40.097,49.394,1,18,5,30,12,10,5,1,4,3,2,1.228,27.986,31.322,5,12,20,05,12,10,15,5,1,2,4,6,3,1.407,16.52,19.233,7,12,5,12,10,10,25,6,4,3,5,2,1,1.392,20.594,23.551,6,5,7,10,8,18,25,1,3,2,4,5,6,2.191,28.627,33.13,6,55575413,4,3,2,1
2019-04-22 07:25:17,2019-04-22 07:26:20,0,75.146.213.67,100,63,1,2019-04-22 07:26:21,R_vIekqIwuahJi8Q9,,,,,40.18499755859375,-75.00409698486328125,anonymous,EN,1,2,34,3,50,50,50,50,50,50,50,5,3,7,1,2,4,6,0,0,9.4,0,50,50,50,50,50,50,1,2,3,4,5,6,0,0,6.66,0,5,0,0,1.774,0,50,50,80,50,50,1,5,4,3,2,0,0,12.091,0,50,50,50,50,50,50,3,1,2,6,4,5,0,0,4.62,0,50,50,50,50,50,50,4,3,6,5,1,2,0,0,5.369,0,50,50,50,50,50,50,2,6,3,4,1,5,0,0,4.451,0,86781142,3,2,4,1
2019-04-22 07:23:41,2019-04-22 07:26:35,0,45.32.4.19,100,173,1,2019-04-22 07:26:36,R_3PFfxAJFtUxhqEl,,,,,40.5511016845703125,-74.460601806640625,anonymous,EN,1,2,25,5,20,0,10,0,40,30,0,1,5,3,7,4,2,6,0.748,11.756,13.539,3,20,30,40,10,0,0,1,2,3,4,5,6,5.418,8.935,9.293,3,5,0.42,1.21,1.707,2,20,30,20,10,20,1,4,3,2,5,0,0,8.587,0,0,20,30,50,0,0,3,4,5,6,1,2,5.721,5.721,5.968,1,10,20,20,20,20,10,3,2,6,4,5,1,0.815,0.815,7.362,1,10,20,10,10,30,20,2,6,3,4,5,1,0,0,5.162,0,33119335,2,4,1,3
2019-04-22 07:23:57,2019-04-22 07:28:05,0,24.46.122.197,100,248,1,2019-04-22 07:28:06,R_1CrqkORBTQkQMjC,,,,,40.63720703125,-73.9037017822265625,anonymous,EN,1,1,40,6,0,0,0,30,20,50,0,7,5,4,2,1,3,6,0.988,6.11,7.984,3,20,30,0,20,10,20,1,2,3,4,5,6,0,0,6.932,0,5,1.365,1.365,2.227,1,30,10,20,20,20,3,1,4,5,2,0,0,6.062,0,10,10,30,20,20,10,5,6,2,3,1,4,0.786,1.135,5.82,2,20,0,20,20,20,20,3,6,2,4,1,5,4.496,4.496,5.612,1,0,20,20,20,10,30,6,1,5,3,4,2,0,0,7.095,0,31757682,3,1,2,4
2019-04-22 07:25:16,2019-04-22 07:28:44,0,98.160.177.125,100,208,1,2019-04-22 07:28:44,R_1lcqYdJC6UXf6Fy,,,,,36.038299560546875,-115.14459991455078125,anonymous,EN,1,2,31,5,3,-2,3,6,4,7,4,2,6,5,4,1,3,7,0,0,26.444,0,6,8,6,3,-2,0,1,2,3,4,5,6,0,0,32.169,0,6,16.032,17.899,21.116,2,7,0,9,-3,0,3,5,4,2,1,0,0,29.733,0,3,8,3,1,7,3,6,2,1,4,5,3,0,0,27.654,0,5,2,4,3,7,2,3,2,1,4,6,5,0,0,14.652,0,5,5,2,6,7,4,5,3,4,2,6,1,0,0,30.445,0,67042255,1,4,3,2
2019-04-22 07:27:31,2019-04-22 07:31:00,0,97.82.209.109,100,208,1,2019-04-22 07:31:00,R_3MiHdsS98BNmVkK,,,,,34.853302001953125,-82.44930267333984375,anonymous,EN,1,2,36,5,20,5,10,10,5,80,15,2,6,1,4,7,3,5,6.746,6.746,41.44,1,60,70,30,45,5,10,1,2,3,4,5,6,1.234,1.234,36.022,1,5,6.918,6.918,8.736,1,50,50,70,95,60,2,5,1,3,4,1.391,1.391,28.237,1,10,70,20,10,70,5,4,3,2,6,1,5,0,0,21.342,0,60,10,80,60,50,40,3,5,2,6,1,4,1.151,1.151,34.116,1,40,60,10,10,10,15,1,2,4,3,5,6,0,0,22.877,0,60846623,2,3,1,4
2019-04-22 07:31:24,2019-04-22 07:33:29,0,71.237.202.138,100,124,1,2019-04-22 07:33:30,R_12gJOCHLaqips6K,,,,,45.414703369140625,-122.7227020263671875,anonymous,EN,1,2,26,4,60,80,80,70,80,60,70,3,7,5,1,6,4,2,1.014,21.69,22.241,18,88,77,98,28,78,22,1,2,3,4,5,6,0.289,23.903,24.132,15,5,0.62,7.422,8.244,2,60,54,55,40,80,4,5,3,2,1,5.282,8.733,9.86,7,50,50,50,50,50,50,3,5,6,1,2,4,6.498,12.1,12.606,9,50,50,50,50,50,50,3,1,5,6,2,4,1.395,5.134,5.806,7,55,66,50,60,88,40,4,6,2,1,5,3,3.218,7.183,8.133,7,39875963,3,4,1,2
2019-04-22 07:31:27,2019-04-22 07:33:35,0,71.237.202.138,100,128,1,2019-04-22 07:33:36,R_TpvgKFAtkS9NwWd,,,,,45.414703369140625,-122.7227020263671875,anonymous,EN,1,1,26,4,77,70,60,80,88,55,80,6,2,3,4,7,5,1,14.765,21.001,21.385,10,28,78,52,12,82,82,1,2,3,4,5,6,6.127,23.823,24.131,21,5,7.873,8.217,9.131,2,50,55,80,44,77,2,4,1,5,3,4.825,8.727,10.187,9,50,50,50,50,50,50,2,1,4,3,5,6,4.313,7.021,7.696,8,45,55,70,58,60,55,6,1,2,5,3,4,4.345,10.682,10.844,12,50,50,50,50,50,50,2,3,5,6,1,4,6.674,11.114,12.058,10,42238559,2,1,3,4
2019-04-22 07:32:59,2019-04-22 07:38:53,0,73.16.124.229,100,353,1,2019-04-22 07:38:53,R_3p3Jpr9WoQYTUBv,,,,,43.9813995361328125,-69.93779754638671875,anonymous,EN,1,1,23,5,5,10,15,5,15,75,5,1,5,4,6,2,3,7,0.791,40.983,42.819,71,25,5,5,10,10,25,1,2,3,4,5,6,9.646,34.453,34.906,63,5,13.211,13.211,17.369,1,10,10,0,10,10,3,5,1,4,2,81.263,94.613,95.508,43,10,80,50,10,80,10,4,1,6,5,3,2,8.456,38.31,39.269,53,10,10,70,10,10,10,5,1,4,2,3,6,6.709,29.839,30.855,71,70,50,10,10,10,20,3,1,5,4,6,2,42.29,70.358,71.147,63,67599950,3,1,4,2
2019-04-22 07:31:02,2019-04-22 07:40:06,0,45.52.106.140,100,543,1,2019-04-22 07:40:06,R_1jCwEfO1Lkf0RPY,,,,,38.7418060302734375,-82.82039642333984375,anonymous,EN,1,1,30,4,50,50,55,50,70,85,60,4,2,5,7,1,3,6,33.7,33.7,52.48,1,60,50,20,55,10,25,1,2,3,4,5,6,191.024,191.024,210.049,1,7,11.739,11.739,13.562,1,80,75,55,55,50,1,3,2,5,4,21.435,21.435,29.729,1,50,80,60,25,80,55,5,3,1,2,4,6,11.097,11.097,24.415,1,55,20,66,75,50,52,2,1,4,3,5,6,0.752,15.779,19.2,3,90,25,50,40,50,85,6,3,4,1,2,5,1.324,1.324,16.427,1,39615582,4,1,3,2
2019-04-22 06:49:55,2019-04-22 07:41:54,0,65.49.126.73,100,3118,1,2019-04-22 07:41:54,R_3LYmElymJdyolDH,,,,,37.751007080078125,-97.82199859619140625,anonymous,EN,1,1,32,5,10,10,30,10,50,70,50,5,6,1,3,4,7,2,1.423,2763.212,2769.534,10,30,10,10,30,10,70,1,2,3,4,5,6,24.342,41.358,44.793,6,5,12.535,12.535,14.416,1,80,10,90,20,40,5,1,4,2,3,10.591,51.407,55.36,5,10,90,20,40,50,20,6,4,5,3,1,2,58.279,112.054,124.996,7,30,20,50,50,25,20,1,6,2,5,3,4,1.295,24.895,27.833,7,20,70,20,40,30,10,4,2,3,5,6,1,6.169,21.386,23.536,6,84439696,4,1,2,3
2019-04-22 07:36:21,2019-04-22 07:42:02,0,97.94.67.192,100,341,1,2019-04-22 07:42:02,R_1Q6EFmUnZYDEFQb,,,,,43.1772003173828125,-85.2472991943359375,anonymous,EN,1,2,38,3,65,5,5,15,25,85,50,1,3,7,6,2,4,5,22.048,22.048,42.004,1,80,23,2,80,2,33,1,2,3,4,5,6,1.161,106.923,109.779,8,5,14.056,14.056,21.327,1,15,55,85,5,25,4,5,1,2,3,1.126,23.372,24.291,2,20,50,15,25,50,20,6,1,4,2,5,3,14.436,66.444,68.904,7,30,15,50,25,25,50,5,1,4,2,6,3,1.232,1.232,24.773,1,25,55,15,5,35,15,1,4,2,5,3,6,4.854,28.734,30.939,12,18400963,2,3,1,4
2019-04-22 07:38:39,2019-04-22 07:43:59,0,174.48.149.245,100,320,1,2019-04-22 07:44:00,R_3p5qLGXb3Kl9Hie,,,,,26.0167999267578125,-80.1537017822265625,anonymous,EN,1,2,27,5,30,15,25,20,50,100,30,1,3,4,5,6,7,2,0.503,13.171,51.196,3,40,70,10,20,10,50,1,2,3,4,5,6,0.251,11.595,43.969,2,5,0.63,11.394,19.346,2,60,5,70,20,10,3,5,2,1,4,0.263,32.323,33.389,3,25,60,20,25,60,25,5,3,6,4,2,1,0.425,26.699,47.415,3,75,40,75,50,75,30,5,3,2,6,4,1,0.246,4.733,54.976,2,40,75,15,10,10,25,2,5,3,6,4,1,0.242,48.187,50.729,5,16888089,4,2,1,3
2019-04-22 07:22:33,2019-04-22 07:44:25,0,12.186.206.192,100,1311,1,2019-04-22 07:44:25,R_3h6GMwvwDedkGYc,,,,,37.751007080078125,-97.82199859619140625,anonymous,EN,1,2,54,6,10,10,10,10,0,50,20,3,2,6,4,7,1,5,159.465,488.084,491.12,49,70,20,0,10,0,0,1,2,3,4,5,6,95.096,199.96,202.253,38,5,82.931,155.665,162.788,2,0,50,10,10,30,2,1,5,3,4,7.425,34.573,37.425,8,0,0,50,30,10,10,2,6,4,1,5,3,16.592,52.694,55.553,14,20,10,30,0,30,10,1,6,2,3,5,4,2.764,106.548,114.225,22,30,10,0,0,30,10,6,2,5,4,1,3,27.268,167.772,170.164,16,57680905,4,1,3,2
2019-04-22 07:38:30,2019-04-22 07:44:26,0,128.90.83.151,100,356,1,2019-04-22 07:44:27,R_3HBlK3jyFjvZq2c,,,,,41.9214935302734375,-87.64459991455078125,anonymous,EN,1,1,28,5,45,30,35,45,25,10,35,7,5,2,4,6,1,3,27.442,133.949,137.935,12,45,50,35,30,35,60,1,2,3,4,5,6,1.99,1.99,27.504,1,5,32.881,32.881,47.098,1,55,55,90,25,50,2,4,5,3,1,1.414,17.528,40.043,2,70,55,45,55,65,70,6,2,5,4,1,3,1.429,1.429,18.972,1,55,70,30,45,60,50,5,3,1,6,4,2,1.506,1.506,22.022,1,45,25,45,30,30,20,3,4,5,2,6,1,1.181,1.181,22.518,1,88995594,4,1,3,2
2019-04-22 07:44:45,2019-04-22 07:46:08,0,185.235.1.11,100,82,1,2019-04-22 07:46:08,R_yQ6SWHNc7HxRrxL,,,,,51.4875946044921875,-0.169403076171875,anonymous,EN,1,1,27,5,1,1,1,1,1,1,1,3,5,6,4,7,2,1,0.865,12.618,13.59,14,1,1,1,1,1,11,1,2,3,4,5,6,0.645,8.427,9.355,9,5,3.701,3.701,4.885,1,1,1,1,1,1,4,5,1,3,2,1.789,4.213,5.129,7,1,1,1,1,1,1,6,3,1,2,5,4,0.979,4.385,8.14,9,1,1,1,1,1,1,3,1,2,6,4,5,0.65,4.179,6.376,8,1,1,1,1,1,1,4,2,6,3,1,5,0.466,6.557,7.438,11,15076019,3,2,4,1
2019-04-22 07:43:20,2019-04-22 07:49:56,0,71.237.59.12,100,396,1,2019-04-22 07:49:56,R_1Nysue1UEVxTtbL,,,,,39.8679962158203125,-104.97190093994140625,anonymous,EN,1,2,57,5,20,1,3,2,2,25,10,1,3,5,2,7,4,6,33.914,52.409,84.249,2,5,2,2,1,2,2,1,2,3,4,5,6,14.845,14.845,33.686,1,5,13.238,13.238,16.276,1,50,50,90,25,60,2,4,5,1,3,10.784,54.411,64.922,5,1,95,2,20,95,2,6,1,4,3,2,5,0,0,65.73,0,50,10,75,60,50,50,6,3,4,1,2,5,0,0,71.928,0,25,15,2,2,2,3,4,5,1,3,2,6,4.061,4.061,38.989,1,38812991,2,3,1,4
2019-04-22 07:50:03,2019-04-22 07:53:01,0,107.145.113.42,100,177,1,2019-04-22 07:53:01,R_e2PBpor3BXBDqal,,,,,28.206207275390625,-80.68740081787109375,anonymous,EN,1,2,36,5,35,5,5,50,45,95,5,5,4,6,3,1,2,7,0,0,37.083,0,80,10,10,1,5,30,1,2,3,4,5,6,0,0,32.421,0,5,4.105,4.105,6.67,1,50,1,80,1,1,5,3,1,4,2,0,0,21.016,0,10,50,65,35,50,5,2,5,1,6,3,4,0,0,21.403,0,65,50,85,5,55,35,1,4,2,3,6,5,0,0,27.258,0,65,50,30,10,30,5,4,3,2,5,1,6,0,0,16.751,0,34832853,1,2,4,3
2019-04-22 07:44:26,2019-04-22 07:56:56,0,173.218.199.111,100,750,1,2019-04-22 07:56:57,R_2tsz9tVa4UNFD34,,,,,35.5102996826171875,-92.0391998291015625,anonymous,EN,1,1,30,5,2,32,87,65,96,56,23,6,7,4,1,3,5,2,22.52,38.722,43.777,7,2,56,89,67,45,67,1,2,3,4,5,6,88.271,101.168,103.287,6,5,80.733,80.733,82.094,1,99,100,100,67,100,3,5,2,1,4,7.836,23.966,25.311,7,55,87,67,45,87,34,6,1,3,2,4,5,79.914,93.189,93.5,8,56,21,87,34,99,77,1,4,6,3,5,2,16.404,34.745,35.143,7,67,89,67,34,45,12,1,3,2,4,5,6,117.279,117.279,135.673,1,50498527,4,2,3,1
2019-04-22 07:55:37,2019-04-22 08:00:39,0,96.95.77.49,100,302,1,2019-04-22 08:00:40,R_32JfDKijvmHWrwH,,,,,41.7447052001953125,-87.93340301513671875,anonymous,EN,1,1,42,3,15,2,30,20,60,100,15,4,7,1,5,3,6,2,12.264,64.435,65.609,53,20,15,10,30,2,2,1,2,3,4,5,6,49.587,72.31,78.122,6,5,12.265,12.265,18.22,1,5,2,0,5,5,5,1,3,2,4,7.773,24.225,25.95,5,2,50,20,5,50,2,5,1,4,3,2,6,11.725,31.481,33.141,7,2,10,100,1,50,50,5,3,1,4,6,2,12.355,29.18,35.509,6,80,20,2,1,2,2,5,2,1,4,6,3,6.585,22.298,24.162,6,48282182,4,2,1,3
2019-04-22 07:59:14,2019-04-22 08:01:49,0,108.17.138.153,100,154,1,2019-04-22 08:01:49,R_1QGBaraejGpGVuh,,,,,36.9864044189453125,-76.41649627685546875,anonymous,EN,1,1,24,5,50,50,50,50,50,100,75,6,7,3,1,2,4,5,8.673,24.892,25.119,10,50,100,50,50,50,50,1,2,3,4,5,6,10.688,22.138,24.955,8,5,5.8,5.8,8.199,1,50,0,100,75,50,1,5,2,4,3,8.024,24.749,26.419,8,50,50,50,50,50,50,5,1,4,2,6,3,7.156,12.966,21.112,6,50,50,50,50,50,50,3,2,5,1,6,4,4.763,10.751,19.001,6,50,80,50,50,50,50,2,4,3,1,5,6,4.79,9.768,11.153,6,74120328,2,3,1,4
2019-04-22 08:02:24,2019-04-22 08:05:10,0,76.77.45.140,100,166,1,2019-04-22 08:05:11,R_1hz4pDA0gBeQX0i,,,,,37.5478973388671875,-79.71230316162109375,anonymous,EN,1,1,26,5,30,5,50,40,10,50,30,5,4,1,2,6,7,3,1.393,1.393,24.906,1,10,25,10,5,3,5,1,2,3,4,5,6,1.625,19.017,23.03,4,5,8.364,10.905,13.721,2,10,10,60,5,20,1,3,5,4,2,5.113,5.113,28.015,1,10,25,5,10,25,5,2,4,1,5,3,6,0,0,20.678,0,10,10,50,5,5,20,4,2,3,1,6,5,0,0,16.509,0,10,25,10,5,10,20,3,2,6,1,4,5,0,0,14.756,0,67649554,1,4,3,2
2019-04-22 08:11:29,2019-04-22 08:15:24,0,75.64.41.20,100,235,1,2019-04-22 08:15:25,R_2rSJIBPLmEmbJ1M,,,,,35.27520751953125,-89.72949981689453125,anonymous,EN,1,2,32,5,25,17,55,35,90,80,20,4,7,2,3,5,1,6,9.707,29.687,34.679,7,45,25,15,12,11,5,1,2,3,4,5,6,7.043,26.887,27.306,7,5,43.568,43.568,44.711,1,25,40,75,20,50,2,5,1,4,3,1.31,32.934,35.461,7,20,90,15,25,90,15,1,4,6,2,5,3,4.375,19.398,25.695,7,32,56,55,65,15,86,2,1,4,6,5,3,8.043,25.267,28.021,8,55,75,35,35,25,45,6,5,2,4,1,3,1.169,22.339,24.24,7,37125148,2,4,1,3
2019-04-22 08:02:47,2019-04-22 08:17:55,0,99.148.101.81,100,907,1,2019-04-22 08:17:55,R_2t8WGoihWtL0WpC,,,,,25.606201171875,-80.3451995849609375,anonymous,EN,1,2,39,3,50,20,10,65,55,100,55,4,3,2,7,6,5,1,18.521,46.813,57.901,2,95,75,20,40,5,5,1,2,3,4,5,6,1.16,41.169,45.318,11,5,7.103,7.103,9.333,1,95,95,100,45,95,4,5,2,1,3,9.575,81.636,90.403,16,20,99,100,95,99,45,4,2,5,6,3,1,2.95,28.899,40.899,10,100,55,100,45,100,60,1,4,3,2,6,5,3.34,3.34,37.246,1,100,80,15,20,55,40,6,1,4,3,2,5,3.156,41.765,46.488,4,74791016,1,4,3,2
2019-04-22 08:14:31,2019-04-22 08:20:43,0,24.233.111.249,100,372,1,2019-04-22 08:20:44,R_ZfVCQGhgpacPDrj,,,,,43.5496063232421875,-71.60030364990234375,anonymous,EN,1,2,42,2,20,10,20,20,20,75,20,1,5,4,2,7,3,6,54.366,88.484,92.64,8,10,20,10,5,10,10,1,2,3,4,5,6,16.893,48.304,51.204,6,5,11.702,11.702,16.151,1,10,10,50,10,10,1,5,2,4,3,12.934,31.077,32.057,5,10,50,20,10,50,5,4,3,2,6,1,5,42.649,70.442,73.253,7,10,25,75,10,10,10,6,1,5,4,2,3,13.996,40.29,41.307,7,50,10,10,10,10,5,6,4,2,5,1,3,10.786,32.25,37.841,7,91103387,2,3,4,1
2019-04-22 08:20:13,2019-04-22 08:23:59,0,96.232.36.173,100,226,1,2019-04-22 08:24:00,R_6AqVR7VKLQz5dAJ,,,,,40.6208038330078125,-74.0426025390625,anonymous,EN,1,1,31,5,60,5,5,10,10,90,60,1,3,5,6,4,7,2,1.73,1.73,40.126,1,80,70,40,30,20,10,1,2,3,4,5,6,0,0,30.949,0,5,7.107,7.107,8.244,1,40,60,70,10,35,4,5,3,1,2,0,0,48.456,0,10,70,2,20,70,2,1,6,3,4,5,2,1.552,1.552,35.849,1,30,10,90,10,30,30,2,6,1,5,4,3,0,0,28.617,0,10,60,10,10,10,3,2,4,6,1,5,3,0,0,14.767,0,97581443,3,1,4,2
2019-04-22 08:08:15,2019-04-22 08:24:04,0,128.118.152.250,100,949,1,2019-04-22 08:24:05,R_2e5rQD9vh5j1tYN,,,,,40.897796630859375,-77.77320098876953125,anonymous,EN,1,1,32,6,55,15,40,40,45,95,60,1,5,2,4,6,3,7,4.913,52.986,60.24,30,75,95,20,45,15,10,1,2,3,4,5,6,7.729,43.082,47.863,6,5,20.956,20.956,23.05,1,100,0,100,100,75,5,1,3,2,4,5.467,22.627,26.801,5,40,90,5,55,90,15,3,6,4,2,1,5,9.334,40.062,42.828,7,95,10,95,2,95,15,2,4,1,5,3,6,7.414,30.878,35.259,6,95,45,15,15,50,60,2,4,6,5,1,3,4.089,27.457,30.031,6,51985029,4,1,2,3
2019-04-22 08:18:24,2019-04-22 08:28:25,0,73.236.40.189,100,601,1,2019-04-22 08:28:25,R_wLDvSC83pfW25IR,,,,,41.0240936279296875,-80.34539794921875,anonymous,EN,1,2,59,3,15,2,5,10,60,95,14,1,5,6,4,2,3,7,14.661,65.117,82.386,31,80,75,2,1,1,1,1,2,3,4,5,6,9.104,53.048,69.713,20,5,8.848,8.848,10.254,1,75,10,90,70,80,1,2,4,5,3,14.417,82.418,87.919,23,5,70,5,10,70,2,2,3,4,1,6,5,19.709,67.453,69.506,31,85,80,70,1,80,5,3,6,5,2,1,4,26.852,112.588,116.002,47,40,85,3,5,10,25,1,2,4,3,5,6,9.8,59.948,61.449,38,30554515,2,1,4,3
2019-04-22 08:07:27,2019-04-22 08:35:56,0,162.200.128.164,100,1708,1,2019-04-22 08:35:56,R_22namPNp78dkiqC,,,,,39.5334930419921875,-84.30570220947265625,anonymous,EN,1,1,43,5,40,5,20,20,30,80,40,6,7,4,3,1,2,5,14.793,14.793,42.209,1,30,30,30,15,15,5,1,2,3,4,5,6,1.571,1.571,21.138,1,5,23.596,23.596,27.898,1,15,15,10,40,30,1,2,4,3,5,1.118,1.118,28.627,1,15,60,10,15,60,5,3,5,6,4,2,1,1.714,5.594,27.042,3,30,30,50,40,40,60,2,3,6,1,5,4,1.032,1.032,15.349,1,50,50,20,15,15,40,5,4,1,2,3,6,1.11,1.11,12.635,1,14295217,2,1,3,4
2019-04-22 08:33:26,2019-04-22 08:37:38,0,166.67.66.246,100,251,1,2019-04-22 08:37:38,R_1NzaHWqPaJVuAvF,,,,,37.5536956787109375,-77.46019744873046875,anonymous,EN,1,1,52,5,50,25,50,25,60,80,80,1,4,2,5,3,7,6,14.653,21.981,42.44,13,25,80,10,10,20,50,1,2,3,4,5,6,1.764,1.764,40.2,1,5,7.976,7.976,9.467,1,50,50,80,0,50,2,3,4,1,5,0,0,27.503,0,50,100,75,50,100,50,5,3,6,2,4,1,0,0,39.644,0,25,50,80,50,50,10,4,2,5,3,6,1,2.032,3.502,28.753,2,80,80,50,50,50,50,1,5,2,3,6,4,0,0,17.185,0,65328159,2,3,1,4
2019-04-22 08:30:28,2019-04-22 08:38:04,0,98.223.27.64,100,455,1,2019-04-22 08:38:04,R_2430IlvFsV97Jex,,,,,41.7516937255859375,-88.24140167236328125,anonymous,EN,1,2,65,6,35,5,5,5,10,5,30,4,5,3,2,1,7,6,11.626,98.411,105.172,5,60,15,5,4,2,5,1,2,3,4,5,6,2.641,2.641,67.968,1,5,9.837,9.837,12.073,1,10,50,90,100,50,4,5,1,2,3,0,0,52.448,0,5,60,15,33,75,3,3,2,5,6,1,4,2.583,71.231,73.801,5,10,75,33,15,2,50,1,5,3,2,6,4,0,0,49.584,0,50,75,5,20,10,10,4,2,5,3,6,1,0,0,44.315,0,81599786,4,1,3,2
2019-04-22 08:41:59,2019-04-22 08:44:30,0,174.72.236.106,100,151,1,2019-04-22 08:44:30,R_1qaMcr4DZ3i5IIw,,,,,36.126007080078125,-115.1454010009765625,anonymous,EN,1,2,27,3,0,80,10,50,50,90,80,4,5,1,6,2,7,3,2.03,2.03,24.845,1,20,10,02,50,10,80,1,2,3,4,5,6,0.552,0.754,15.073,2,5,25.981,25.981,27.331,1,30,80,50,50,40,4,1,5,3,2,3.288,4.561,13.576,2,40,50,20,60,10,50,6,4,3,2,5,1,0.568,14.49,15.487,3,90,50,20,10,50,30,1,6,2,4,3,5,0.487,0.487,12.449,1,60,80,10,30,10,20,6,4,1,3,2,5,0.83,0.83,26.503,1,52020683,2,3,4,1
2019-04-22 08:42:03,2019-04-22 08:46:02,0,68.48.84.198,100,238,1,2019-04-22 08:46:02,R_2TWTaYKRLaBZhXb,,,,,42.928497314453125,-83.63320159912109375,anonymous,EN,1,1,34,2,50,50,80,80,90,90,80,6,5,4,1,3,7,2,10.363,47.108,47.519,14,90,90,50,50,40,60,1,2,3,4,5,6,5.901,5.901,37.78,1,8,9.509,9.509,10.6,1,40,30,55,40,40,5,3,4,2,1,9.827,30.167,30.566,4,50,70,50,55,80,40,6,1,5,2,4,3,8.018,28.639,28.977,7,50,60,75,80,55,90,2,5,3,1,6,4,5.881,5.881,25.649,1,80,50,40,55,30,40,3,4,5,1,2,6,11.124,11.124,28.612,1,66465870,1,4,2,3
2019-04-22 08:46:02,2019-04-22 08:48:03,0,76.125.244.14,100,121,1,2019-04-22 08:48:04,R_bIxahZApqjnoH9T,,,,,40.305206298828125,-79.54180145263671875,anonymous,EN,1,2,33,5,20,5,5,10,10,30,20,7,6,5,2,4,1,3,1.521,2.059,17.08,2,20,10,20,10,30,10,1,2,3,4,5,6,0.697,0.961,14.062,2,5,12.249,21.867,22.243,2,20,20,20,20,20,3,1,4,5,2,0.476,0.476,8.447,1,10,10,20,10,30,20,4,3,6,5,1,2,1.38,11.924,13.386,2,15,20,15,15,20,15,1,5,4,2,6,3,0.623,13.993,15.786,6,30,15,20,10,10,15,5,2,4,6,3,1,2.73,16.323,16.881,2,53392067,3,1,4,2
2019-04-22 08:50:44,2019-04-22 08:56:07,0,8.41.68.146,100,322,1,2019-04-22 08:56:07,R_qKKLrJRrdVlKcb7,,,,,43.1316986083984375,-77.606201171875,anonymous,EN,1,1,33,3,50,20,50,60,50,100,70,4,1,5,6,7,3,2,108.072,132.053,135.401,8,80,80,50,60,40,30,1,2,3,4,5,6,10.673,28.137,31.79,6,5,23.328,23.328,25.669,1,80,30,90,60,70,4,3,5,2,1,6.128,26.881,30.866,5,40,60,80,60,60,40,4,6,2,5,3,1,12.882,27.173,31.991,7,60,50,100,30,70,50,6,4,3,5,2,1,9.297,24.787,27.938,6,90,70,60,30,50,40,6,3,5,1,2,4,2.926,2.926,17.351,1,65000657,3,2,1,4
2019-04-22 08:49:37,2019-04-22 08:56:55,0,97.83.234.202,100,437,1,2019-04-22 08:56:55,R_3FPWP7sble1QAyE,,,,,43.801300048828125,-91.21340179443359375,anonymous,EN,1,1,26,3,60,10,15,20,20,70,60,4,6,5,1,7,2,3,18.468,85.909,88.047,11,60,30,10,40,5,10,1,2,3,4,5,6,16.704,67.392,71.262,14,5,16.995,16.995,20.505,1,60,50,50,10,50,1,3,2,5,4,1.768,64.825,76.117,7,10,50,45,50,50,10,4,6,2,5,1,3,21.802,21.802,56.434,1,75,10,75,5,75,75,5,1,4,6,3,2,10.11,10.11,45.801,1,60,60,10,10,10,60,3,2,6,4,1,5,2.136,2.136,46.244,1,34709100,1,2,4,3
2019-04-22 08:53:02,2019-04-22 08:58:45,0,35.134.249.145,100,343,1,2019-04-22 08:58:46,R_bjbaTsmGtiPQ8I9,,,,,41.1033935546875,-104.9058990478515625,anonymous,EN,1,1,49,5,50,10,10,50,50,100,50,2,6,3,1,4,5,7,22.699,67.389,71.015,8,25,80,20,25,10,20,1,2,3,4,5,6,10.292,41.424,47.857,6,5,9.171,9.171,18.595,1,50,10,80,10,10,3,2,4,5,1,2.063,42.215,49.843,5,20,80,20,20,80,20,2,5,1,3,6,4,17.312,45.4,52.064,6,50,50,90,50,50,50,1,5,4,2,3,6,2.439,41.6,45.435,9,25,50,25,25,25,25,3,5,1,4,6,2,3.09,23.623,28.64,5,48558544,3,1,2,4
2019-04-22 08:51:51,2019-04-22 09:00:26,0,75.137.152.180,100,514,1,2019-04-22 09:00:26,R_1CwPNqoNrXlkC4z,,,,,32.9015045166015625,-84.3323974609375,anonymous,EN,1,2,39,3,40,10,35,55,40,35,30,2,5,6,4,1,7,3,14.645,96.827,107.589,10,15,30,50,10,15,15,1,2,3,4,5,6,10.696,80.041,85.681,4,5,43.033,43.033,62.061,1,60,2,80,0,40,5,1,3,2,4,10.652,10.652,58.035,1,50,90,40,2,90,30,1,5,3,2,6,4,13.959,57.607,62.645,2,75,75,40,80,70,60,2,6,4,1,3,5,7.006,7.006,49.559,1,40,70,60,20,55,90,3,4,1,2,5,6,8.985,8.985,40.686,1,56092036,1,2,4,3
2019-04-22 09:04:27,2019-04-22 09:06:08,0,68.207.246.47,100,101,1,2019-04-22 09:06:09,R_1gi65cvbfFZVcQG,,,,,27.8170013427734375,-82.62640380859375,anonymous,EN,1,1,36,5,1,0,1,-2,8,4,4,1,4,7,6,5,2,3,0.692,22.088,22.358,39,3,1,5,3,-2,1,1,2,3,4,5,6,0.733,13.827,14.713,28,6,2.421,2.421,3.771,1,-1,-1,-3,4,3,5,4,2,1,3,0.314,6.332,7.234,19,1,2,1,2,5,2,5,3,6,2,1,4,1.282,8.8,9.544,23,3,1,1,2,3,5,1,3,6,2,5,4,0.801,8.763,9.619,26,4,10,1,1,4,-1,1,2,3,6,4,5,0.59,11.228,12.001,28,83293726,3,2,4,1
2019-04-22 09:03:32,2019-04-22 09:08:08,0,65.60.89.50,100,275,1,2019-04-22 09:08:08,R_2TXkQEJA9yRkWrO,,,,,33.7696990966796875,-117.890594482421875,anonymous,EN,1,2,37,5,30,10,30,65,40,60,15,1,7,5,2,4,3,6,6.213,22.14,52.781,6,60,30,5,2,5,30,1,2,3,4,5,6,1.906,1.906,33.861,1,5,14.238,14.238,15.497,1,60,55,60,30,10,3,2,1,4,5,0.892,0.892,30.128,1,10,45,35,30,45,10,6,5,1,3,2,4,22.793,22.793,34.733,1,60,35,50,50,50,60,4,1,3,5,6,2,8.129,8.129,47.768,1,60,60,10,70,40,50,6,4,3,2,5,1,2.193,2.193,24.392,1,45788790,4,2,1,3
2019-04-22 09:20:45,2019-04-22 09:21:49,0,72.84.76.193,100,63,1,2019-04-22 09:21:49,R_1QKsAH5EvCrLIDr,,,,,37.0449981689453125,-76.40670013427734375,anonymous,EN,1,2,25,4,50,50,50,50,50,50,50,6,3,5,2,1,4,7,4.876,4.876,10.271,1,50,50,50,50,50,50,1,2,3,4,5,6,0.871,0.871,3.366,1,6,2.175,2.175,16.468,1,50,50,50,50,50,5,4,2,3,1,0.458,0.458,2.594,1,50,50,50,50,50,50,1,4,2,3,5,6,0.561,0.561,3.046,1,50,50,50,50,50,50,5,3,1,4,2,6,0.467,0.467,2.856,1,50,50,50,50,50,50,3,4,6,5,2,1,0.9,0.9,3.863,1,15211488,2,3,4,1
2019-04-22 09:21:09,2019-04-22 09:30:05,0,99.203.64.222,100,536,1,2019-04-22 09:30:06,R_20Vh7y5kfs37L05,,,,,42.4261016845703125,-83.25140380859375,anonymous,EN,1,2,28,2,50,50,50,50,50,50,50,6,1,7,5,2,4,3,0,0,5.565,0,50,50,50,50,50,50,1,2,3,4,5,6,0,0,2.738,0,8,0,0,7.168,0,50,50,50,50,50,2,4,5,3,1,0,0,3.749,0,50,50,50,50,50,50,2,5,6,4,1,3,0,0,21.862,0,50,50,50,50,50,50,1,2,3,6,5,4,0,0,2.683,0,50,50,50,50,50,50,4,2,1,6,3,5,3.076,3.076,8.8,1,97502425,1,3,4,2
2019-04-22 10:28:10,2019-04-22 10:33:16,0,74.192.231.85,100,305,1,2019-04-22 10:33:16,R_2QWzDcgWI2zDZb6,,,,,35.1544952392578125,-101.86409759521484375,anonymous,EN,1,2,33,2,10,5,15,25,65,99,10,1,4,6,7,2,5,3,27.889,65.743,66.342,12,5,10,55,5,0,15,1,2,3,4,5,6,18.436,41.178,42.15,8,4,13.058,13.058,16.168,1,50,50,75,50,50,2,3,5,1,4,9.163,25.784,28.155,6,5,90,5,5,90,5,4,5,6,2,3,1,14.707,34.798,36.178,9,75,50,99,50,75,50,2,6,4,1,3,5,25.668,57.134,58.084,11,99,50,25,5,75,99,4,3,5,1,2,6,6.798,28.958,29.576,7,33859747,3,1,4,2
2019-04-22 10:50:11,2019-04-22 10:55:47,0,73.8.86.239,100,335,1,2019-04-22 10:55:47,R_3Ez03bp5DDxog54,,,,,41.97039794921875,-87.7035980224609375,anonymous,EN,1,2,30,3,40,20,60,55,70,100,35,3,4,1,5,2,6,7,15.124,46.252,59.199,5,60,90,60,30,15,10,1,2,3,4,5,6,0.999,49.279,54.412,3,5,16.934,16.934,40.88,1,60,45,80,20,40,3,4,2,5,1,0.529,1.28,34.939,2,60,90,35,45,90,60,2,5,3,4,6,1,0.973,28.405,32.93,2,60,55,100,40,60,10,6,1,4,5,3,2,1.247,40.5,51.304,10,90,70,60,30,60,65,6,2,3,5,1,4,0.707,33.334,35.699,9,57577981,4,3,1,2
